,Label,Checkpoint,OriginalLoss,AblatedLoss
0,L5N395,0,11.026307892799377,11.026303157806396
1,L3N669,0,11.026307892799377,11.0261905002594
2,L4N1276,0,11.026307892799377,11.026373744010925
3,L5N1655,0,11.026307892799377,11.026392393112182
4,L5N953,0,11.026307892799377,11.026212124824523
5,L5N444,0,11.026307892799377,11.02631760120392
6,L4N45,0,11.026307892799377,11.026306099891663
7,L5N389,0,11.026307892799377,11.026315927505493
8,L5N1599,0,11.026307892799377,11.026275324821473
9,L5N1336,0,11.026307892799377,11.026294932365417
10,L5N1712,0,11.026307892799377,11.026392812728881
11,L5N148,0,11.026307892799377,11.026415476799011
12,L5N1848,0,11.026307892799377,11.026284742355347
13,L5N1225,0,11.026307892799377,11.026296510696412
14,L5N750,0,11.026307892799377,11.026584887504578
15,L3N1542,0,11.026307892799377,11.026370997428893
16,L5N592,0,11.026307892799377,11.02627525806427
17,L5N1638,0,11.026307892799377,11.026231212615967
18,L5N1272,0,11.026307892799377,11.026263699531555
19,L5N1331,0,11.026307892799377,11.02629647731781
20,L5N322,0,11.026307892799377,11.02629454612732
21,L4N482,0,11.026307892799377,11.026382069587708
22,L4N1970,0,11.026307892799377,11.026360654830933
23,L5N725,0,11.026307892799377,11.026344704627991
24,L4N1271,0,11.026307892799377,11.026430778503418
25,L5N264,0,11.026307892799377,11.02628264427185
26,L5N1541,0,11.026307892799377,11.026454286575317
27,L5N432,0,11.026307892799377,11.026316790580749
28,L4N768,0,11.026307892799377,11.026285753250122
29,L5N1369,0,11.026307892799377,11.026320657730103
30,L4N257,0,11.026307892799377,11.026339921951294
31,L5N1453,0,11.026307892799377,11.026371569633485
32,L5N226,0,11.026307892799377,11.026498618125915
33,L5N1199,0,11.026307892799377,11.02636365890503
34,L5N1693,0,11.026307892799377,11.026293087005616
35,L5N1212,0,11.026307892799377,11.02640845298767
36,L4N571,0,11.026307892799377,11.026319417953491
37,L4N2014,0,11.026307892799377,11.026187553405762
38,L5N1787,0,11.026307892799377,11.026406641006469
39,L5N742,0,11.026307892799377,11.026275014877319
40,L4N189,0,11.026307892799377,11.026322975158692
41,L5N943,0,11.026307892799377,11.026141123771668
42,L3N60,0,11.026307892799377,11.026350827217103
43,L5N1086,0,11.026307892799377,11.026340308189392
44,L4N851,0,11.026307892799377,11.026271119117737
45,L4N779,0,11.026307892799377,11.026303219795228
46,L5N1465,0,11.026307892799377,11.02623332977295
47,L5N1436,0,11.026307892799377,11.026206274032592
48,L5N823,0,11.026307892799377,11.026318502426147
49,L5N938,0,11.026307892799377,11.026406321525574
50,L5N395,10,5.917339577674865,5.917663660049438
51,L3N669,10,5.917339577674865,5.918426287174225
52,L4N1276,10,5.917339577674865,5.920165450572967
53,L5N1655,10,5.917339577674865,5.919035110473633
54,L5N953,10,5.917339577674865,5.9180155897140505
55,L5N444,10,5.917339577674865,5.9171520566940305
56,L4N45,10,5.917339577674865,5.92058164358139
57,L5N389,10,5.917339577674865,5.917705001831055
58,L5N1599,10,5.917339577674865,5.9194149398803715
59,L5N1336,10,5.917339577674865,5.917948033809662
60,L5N1712,10,5.917339577674865,5.917756915092468
61,L5N148,10,5.917339577674865,5.917211124897003
62,L5N1848,10,5.917339577674865,5.917289154529572
63,L5N1225,10,5.917339577674865,5.916825737953186
64,L5N750,10,5.917339577674865,5.918223073482514
65,L3N1542,10,5.917339577674865,5.919119606018066
66,L5N592,10,5.917339577674865,5.917243168354035
67,L5N1638,10,5.917339577674865,5.9171781873703
68,L5N1272,10,5.917339577674865,5.917757370471954
69,L5N1331,10,5.917339577674865,5.9180040097236635
70,L5N322,10,5.917339577674865,5.91718977689743
71,L4N482,10,5.917339577674865,5.917229583263397
72,L4N1970,10,5.917339577674865,5.916979510784149
73,L5N725,10,5.917339577674865,5.916776375770569
74,L4N1271,10,5.917339577674865,5.919177076816559
75,L5N264,10,5.917339577674865,5.9175000715255734
76,L5N1541,10,5.917339577674865,5.9174162912368775
77,L5N432,10,5.917339577674865,5.917412164211274
78,L4N768,10,5.917339577674865,5.9172091078758235
79,L5N1369,10,5.917339577674865,5.916489491462707
80,L4N257,10,5.917339577674865,5.916894629001617
81,L5N1453,10,5.917339577674865,5.917169477939606
82,L5N226,10,5.917339577674865,5.917267606258393
83,L5N1199,10,5.917339577674865,5.9172939419746395
84,L5N1693,10,5.917339577674865,5.918035161495209
85,L5N1212,10,5.917339577674865,5.918005404472351
86,L4N571,10,5.917339577674865,5.918256340026855
87,L4N2014,10,5.917339577674865,5.918289918899536
88,L5N1787,10,5.917339577674865,5.918503849506378
89,L5N742,10,5.917339577674865,5.917705001831055
90,L4N189,10,5.917339577674865,5.918438017368317
91,L5N943,10,5.917339577674865,5.9181446361541745
92,L3N60,10,5.917339577674865,5.91752943277359
93,L5N1086,10,5.917339577674865,5.9173746371269225
94,L4N851,10,5.917339577674865,5.9190576553344725
95,L4N779,10,5.917339577674865,5.918710777759552
96,L5N1465,10,5.917339577674865,5.917479734420777
97,L5N1436,10,5.917339577674865,5.917237761020661
98,L5N823,10,5.917339577674865,5.918849151134491
99,L5N938,10,5.917339577674865,5.917532114982605
100,L5N395,20,3.182973816394806,3.2383866810798647
101,L3N669,20,3.182973816394806,3.196320798397064
102,L4N1276,20,3.182973816394806,3.186771709918976
103,L5N1655,20,3.182973816394806,3.1838625609874724
104,L5N953,20,3.182973816394806,3.184345543384552
105,L5N444,20,3.182973816394806,3.1862420690059663
106,L4N45,20,3.182973816394806,3.1851743233203886
107,L5N389,20,3.182973816394806,3.186863198876381
108,L5N1599,20,3.182973816394806,3.1836661875247954
109,L5N1336,20,3.182973816394806,3.1844266563653947
110,L5N1712,20,3.182973816394806,3.1830616199970247
111,L5N148,20,3.182973816394806,3.183012520670891
112,L5N1848,20,3.182973816394806,3.1838199740648268
113,L5N1225,20,3.182973816394806,3.18437848508358
114,L5N750,20,3.182973816394806,3.183448215126991
115,L3N1542,20,3.182973816394806,3.1851110142469405
116,L5N592,20,3.182973816394806,3.183061944246292
117,L5N1638,20,3.182973816394806,3.1829640156030656
118,L5N1272,20,3.182973816394806,3.1847833859920502
119,L5N1331,20,3.182973816394806,3.184036826491356
120,L5N322,20,3.182973816394806,3.182989302277565
121,L4N482,20,3.182973816394806,3.1893522042036055
122,L4N1970,20,3.182973816394806,3.1829562056064606
123,L5N725,20,3.182973816394806,3.18354992210865
124,L4N1271,20,3.182973816394806,3.1836421024799346
125,L5N264,20,3.182973816394806,3.1841312897205354
126,L5N1541,20,3.182973816394806,3.182745233774185
127,L5N432,20,3.182973816394806,3.184037373661995
128,L4N768,20,3.182973816394806,3.1833336424827574
129,L5N1369,20,3.182973816394806,3.1828868955373766
130,L4N257,20,3.182973816394806,3.183889837861061
131,L5N1453,20,3.182973816394806,3.183457787632942
132,L5N226,20,3.182973816394806,3.1831011146306993
133,L5N1199,20,3.182973816394806,3.183315798640251
134,L5N1693,20,3.182973816394806,3.1867852246761323
135,L5N1212,20,3.182973816394806,3.1834024369716643
136,L4N571,20,3.182973816394806,3.1828592920303347
137,L4N2014,20,3.182973816394806,3.1827640092372893
138,L5N1787,20,3.182973816394806,3.184103512763977
139,L5N742,20,3.182973816394806,3.1831560266017913
140,L4N189,20,3.182973816394806,3.1829923087358476
141,L5N943,20,3.182973816394806,3.1834869772195815
142,L3N60,20,3.182973816394806,3.1844132030010224
143,L5N1086,20,3.182973816394806,3.183105809688568
144,L4N851,20,3.182973816394806,3.1864417135715484
145,L4N779,20,3.182973816394806,3.183666198849678
146,L5N1465,20,3.182973816394806,3.1832127630710603
147,L5N1436,20,3.182973816394806,3.183002943992615
148,L5N823,20,3.182973816394806,3.1858780735731127
149,L5N938,20,3.182973816394806,3.183609629869461
150,L5N395,30,3.107443570494652,3.166881753206253
151,L3N669,30,3.107443570494652,3.158331981897354
152,L4N1276,30,3.107443570494652,3.1117744928598405
153,L5N1655,30,3.107443570494652,3.107386115193367
154,L5N953,30,3.107443570494652,3.108038191795349
155,L5N444,30,3.107443570494652,3.115312759280205
156,L4N45,30,3.107443570494652,3.1122879630327223
157,L5N389,30,3.107443570494652,3.1258332604169845
158,L5N1599,30,3.107443570494652,3.107936552166939
159,L5N1336,30,3.107443570494652,3.11102840423584
160,L5N1712,30,3.107443570494652,3.107509220838547
161,L5N148,30,3.107443570494652,3.107529562115669
162,L5N1848,30,3.107443570494652,3.108441288471222
163,L5N1225,30,3.107443570494652,3.1083444488048553
164,L5N750,30,3.107443570494652,3.107951604127884
165,L3N1542,30,3.107443570494652,3.108825151324272
166,L5N592,30,3.107443570494652,3.1077239483594896
167,L5N1638,30,3.107443570494652,3.1075115257501604
168,L5N1272,30,3.107443570494652,3.109104520082474
169,L5N1331,30,3.107443570494652,3.1073785465955734
170,L5N322,30,3.107443570494652,3.1074594789743424
171,L4N482,30,3.107443570494652,3.1190929508209226
172,L4N1970,30,3.107443570494652,3.1073920542001723
173,L5N725,30,3.107443570494652,3.1076549035310745
174,L4N1271,30,3.107443570494652,3.110688627958298
175,L5N264,30,3.107443570494652,3.108025729060173
176,L5N1541,30,3.107443570494652,3.1075912523269653
177,L5N432,30,3.107443570494652,3.108526398539543
178,L4N768,30,3.107443570494652,3.107602058649063
179,L5N1369,30,3.107443570494652,3.1073197132349013
180,L4N257,30,3.107443570494652,3.1087822967767718
181,L5N1453,30,3.107443570494652,3.10777108669281
182,L5N226,30,3.107443570494652,3.1074043530225754
183,L5N1199,30,3.107443570494652,3.1089565420150755
184,L5N1693,30,3.107443570494652,3.110893392562866
185,L5N1212,30,3.107443570494652,3.1074866777658463
186,L4N571,30,3.107443570494652,3.107394288778305
187,L4N2014,30,3.107443570494652,3.1071934759616853
188,L5N1787,30,3.107443570494652,3.108285886645317
189,L5N742,30,3.107443570494652,3.1076382130384443
190,L4N189,30,3.107443570494652,3.1075771796703338
191,L5N943,30,3.107443570494652,3.1078755301237107
192,L3N60,30,3.107443570494652,3.109942472577095
193,L5N1086,30,3.107443570494652,3.1077162545919417
194,L4N851,30,3.107443570494652,3.1101998633146284
195,L4N779,30,3.107443570494652,3.108806074261665
196,L5N1465,30,3.107443570494652,3.107782638669014
197,L5N1436,30,3.107443570494652,3.1077127301692964
198,L5N823,30,3.107443570494652,3.1074938094615936
199,L5N938,30,3.107443570494652,3.1080670326948168
200,L5N395,40,3.0442751812934876,3.1062658369541167
201,L3N669,40,3.0442751812934876,3.140810087323189
202,L4N1276,40,3.0442751812934876,3.0479697513580324
203,L5N1655,40,3.0442751812934876,3.044146783947945
204,L5N953,40,3.0442751812934876,3.0446924138069154
205,L5N444,40,3.0442751812934876,3.0561420309543608
206,L4N45,40,3.0442751812934876,3.0492367351055147
207,L5N389,40,3.0442751812934876,3.0589993900060652
208,L5N1599,40,3.0442751812934876,3.045457622408867
209,L5N1336,40,3.0442751812934876,3.0503297173976898
210,L5N1712,40,3.0442751812934876,3.0443558156490327
211,L5N148,40,3.0442751812934876,3.0443499141931536
212,L5N1848,40,3.0442751812934876,3.0452722907066345
213,L5N1225,40,3.0442751812934876,3.0456826347112655
214,L5N750,40,3.0442751812934876,3.044551987051964
215,L3N1542,40,3.0442751812934876,3.0458327245712282
216,L5N592,40,3.0442751812934876,3.044342827796936
217,L5N1638,40,3.0442751812934876,3.0443492591381074
218,L5N1272,40,3.0442751812934876,3.047454028725624
219,L5N1331,40,3.0442751812934876,3.0440963369607927
220,L5N322,40,3.0442751812934876,3.0442077785730364
221,L4N482,40,3.0442751812934876,3.053636219501495
222,L4N1970,40,3.0442751812934876,3.0441831398010253
223,L5N725,40,3.0442751812934876,3.0443974977731703
224,L4N1271,40,3.0442751812934876,3.0463376170396805
225,L5N264,40,3.0442751812934876,3.044811707139015
226,L5N1541,40,3.0442751812934876,3.044005576968193
227,L5N432,40,3.0442751812934876,3.044938648939133
228,L4N768,40,3.0442751812934876,3.0447163462638853
229,L5N1369,40,3.0442751812934876,3.0443597733974457
230,L4N257,40,3.0442751812934876,3.04631153523922
231,L5N1453,40,3.0442751812934876,3.0448769867420196
232,L5N226,40,3.0442751812934876,3.044236923456192
233,L5N1199,40,3.0442751812934876,3.04487233877182
234,L5N1693,40,3.0442751812934876,3.0506712651252745
235,L5N1212,40,3.0442751812934876,3.0445160919427874
236,L4N571,40,3.0442751812934876,3.0442380744218824
237,L4N2014,40,3.0442751812934876,3.0440660881996155
238,L5N1787,40,3.0442751812934876,3.0450562953948976
239,L5N742,40,3.0442751812934876,3.04422874212265
240,L4N189,40,3.0442751812934876,3.0443412148952484
241,L5N943,40,3.0442751812934876,3.0445964556932448
242,L3N60,40,3.0442751812934876,3.048542701005936
243,L5N1086,40,3.0442751812934876,3.044513790011406
244,L4N851,40,3.0442751812934876,3.0495157831907274
245,L4N779,40,3.0442751812934876,3.044666953086853
246,L5N1465,40,3.0442751812934876,3.044410516619682
247,L5N1436,40,3.0442751812934876,3.0444734716415405
248,L5N823,40,3.0442751812934876,3.047600294947624
249,L5N938,40,3.0442751812934876,3.044827292561531
250,L5N395,50,3.04232064306736,3.114170405268669
251,L3N669,50,3.04232064306736,3.194806044101715
252,L4N1276,50,3.04232064306736,3.042985950112343
253,L5N1655,50,3.04232064306736,3.042237806916237
254,L5N953,50,3.04232064306736,3.0440357810258867
255,L5N444,50,3.04232064306736,3.052886137962341
256,L4N45,50,3.04232064306736,3.0476454770565033
257,L5N389,50,3.04232064306736,3.053177354335785
258,L5N1599,50,3.04232064306736,3.044573985338211
259,L5N1336,50,3.04232064306736,3.054903730750084
260,L5N1712,50,3.04232064306736,3.042357985973358
261,L5N148,50,3.04232064306736,3.042388762831688
262,L5N1848,50,3.04232064306736,3.0428762382268904
263,L5N1225,50,3.04232064306736,3.0436586040258407
264,L5N750,50,3.04232064306736,3.04271581530571
265,L3N1542,50,3.04232064306736,3.0437423992156982
266,L5N592,50,3.04232064306736,3.04240697324276
267,L5N1638,50,3.04232064306736,3.0424669086933136
268,L5N1272,50,3.04232064306736,3.04601637840271
269,L5N1331,50,3.04232064306736,3.042488240003586
270,L5N322,50,3.04232064306736,3.042340784072876
271,L4N482,50,3.04232064306736,3.0490118795633316
272,L4N1970,50,3.04232064306736,3.04223197221756
273,L5N725,50,3.04232064306736,3.042258759737015
274,L4N1271,50,3.04232064306736,3.044264345765114
275,L5N264,50,3.04232064306736,3.0441898214817047
276,L5N1541,50,3.04232064306736,3.0424557369947434
277,L5N432,50,3.04232064306736,3.0428295224905013
278,L4N768,50,3.04232064306736,3.0426663970947265
279,L5N1369,50,3.04232064306736,3.042305723428726
280,L4N257,50,3.04232064306736,3.0433744847774507
281,L5N1453,50,3.04232064306736,3.0428059005737307
282,L5N226,50,3.04232064306736,3.0421435260772705
283,L5N1199,50,3.04232064306736,3.04248301923275
284,L5N1693,50,3.04232064306736,3.0442126560211182
285,L5N1212,50,3.04232064306736,3.0426855951547624
286,L4N571,50,3.04232064306736,3.0424010413885116
287,L4N2014,50,3.04232064306736,3.041867184638977
288,L5N1787,50,3.04232064306736,3.043212942481041
289,L5N742,50,3.04232064306736,3.042375058531761
290,L4N189,50,3.04232064306736,3.042593924999237
291,L5N943,50,3.04232064306736,3.0433262151479723
292,L3N60,50,3.04232064306736,3.044622969031334
293,L5N1086,50,3.04232064306736,3.0425249838829043
294,L4N851,50,3.04232064306736,3.0493281257152556
295,L4N779,50,3.04232064306736,3.0421686714887617
296,L5N1465,50,3.04232064306736,3.042379540205002
297,L5N1436,50,3.04232064306736,3.0428021651506425
298,L5N823,50,3.04232064306736,3.0451485115289687
299,L5N938,50,3.04232064306736,3.0432836639881136
300,L5N395,60,3.025414209961891,3.0844434928894042
301,L3N669,60,3.025414209961891,3.2130562633275987
302,L4N1276,60,3.025414209961891,3.0252460157871246
303,L5N1655,60,3.025414209961891,3.025524218082428
304,L5N953,60,3.025414209961891,3.0264006841182707
305,L5N444,60,3.025414209961891,3.035883469581604
306,L4N45,60,3.025414209961891,3.0302113133668898
307,L5N389,60,3.025414209961891,3.0357381826639176
308,L5N1599,60,3.025414209961891,3.027562276721001
309,L5N1336,60,3.025414209961891,3.040781795978546
310,L5N1712,60,3.025414209961891,3.0254970359802247
311,L5N148,60,3.025414209961891,3.0256709158420563
312,L5N1848,60,3.025414209961891,3.0263690358400344
313,L5N1225,60,3.025414209961891,3.0264667546749116
314,L5N750,60,3.025414209961891,3.025299048423767
315,L3N1542,60,3.025414209961891,3.026756948232651
316,L5N592,60,3.025414209961891,3.025587375164032
317,L5N1638,60,3.025414209961891,3.0254123610258103
318,L5N1272,60,3.025414209961891,3.028266838788986
319,L5N1331,60,3.025414209961891,3.025618790984154
320,L5N322,60,3.025414209961891,3.0254699486494063
321,L4N482,60,3.025414209961891,3.031635724902153
322,L4N1970,60,3.025414209961891,3.0253241556882857
323,L5N725,60,3.025414209961891,3.025687874555588
324,L4N1271,60,3.025414209961891,3.027905225753784
325,L5N264,60,3.025414209961891,3.0266685408353804
326,L5N1541,60,3.025414209961891,3.025529834628105
327,L5N432,60,3.025414209961891,3.0256848335266113
328,L4N768,60,3.025414209961891,3.026192083954811
329,L5N1369,60,3.025414209961891,3.0253453820943834
330,L4N257,60,3.025414209961891,3.0263667976856232
331,L5N1453,60,3.025414209961891,3.0259500563144686
332,L5N226,60,3.025414209961891,3.0252768522500992
333,L5N1199,60,3.025414209961891,3.025726097822189
334,L5N1693,60,3.025414209961891,3.030141980648041
335,L5N1212,60,3.025414209961891,3.025483868718147
336,L4N571,60,3.025414209961891,3.025433923602104
337,L4N2014,60,3.025414209961891,3.025048408508301
338,L5N1787,60,3.025414209961891,3.0262181121110916
339,L5N742,60,3.025414209961891,3.0254280340671538
340,L4N189,60,3.025414209961891,3.0255620503425598
341,L5N943,60,3.025414209961891,3.0262367755174635
342,L3N60,60,3.025414209961891,3.0274267166852953
343,L5N1086,60,3.025414209961891,3.0257477563619615
344,L4N851,60,3.025414209961891,3.032342176437378
345,L4N779,60,3.025414209961891,3.025889402627945
346,L5N1465,60,3.025414209961891,3.025820045471191
347,L5N1436,60,3.025414209961891,3.025755730867386
348,L5N823,60,3.025414209961891,3.0290579134225846
349,L5N938,60,3.025414209961891,3.0263403028249742
350,L5N395,70,3.0064223420619967,3.0839278399944305
351,L3N669,70,3.0064223420619967,3.214262448549271
352,L4N1276,70,3.0064223420619967,3.0074918484687805
353,L5N1655,70,3.0064223420619967,3.0065514504909516
354,L5N953,70,3.0064223420619967,3.007787453532219
355,L5N444,70,3.0064223420619967,3.014067453145981
356,L4N45,70,3.0064223420619967,3.010377750992775
357,L5N389,70,3.0064223420619967,3.0137396228313444
358,L5N1599,70,3.0064223420619967,3.00807372033596
359,L5N1336,70,3.0064223420619967,3.02834169447422
360,L5N1712,70,3.0064223420619967,3.0066334837675095
361,L5N148,70,3.0064223420619967,3.006518500447273
362,L5N1848,70,3.0064223420619967,3.006936269402504
363,L5N1225,70,3.0064223420619967,3.0076056230068207
364,L5N750,70,3.0064223420619967,3.007110442519188
365,L3N1542,70,3.0064223420619967,3.0078955709934236
366,L5N592,70,3.0064223420619967,3.006539922952652
367,L5N1638,70,3.0064223420619967,3.0064507937431335
368,L5N1272,70,3.0064223420619967,3.008670485019684
369,L5N1331,70,3.0064223420619967,3.006566512584686
370,L5N322,70,3.0064223420619967,3.0063723272085188
371,L4N482,70,3.0064223420619967,3.0200531607866288
372,L4N1970,70,3.0064223420619967,3.006280556321144
373,L5N725,70,3.0064223420619967,3.006289151310921
374,L4N1271,70,3.0064223420619967,3.0088870841264725
375,L5N264,70,3.0064223420619967,3.007942990064621
376,L5N1541,70,3.0064223420619967,3.006413118839264
377,L5N432,70,3.0064223420619967,3.006844626069069
378,L4N768,70,3.0064223420619967,3.0060353767871857
379,L5N1369,70,3.0064223420619967,3.006381754875183
380,L4N257,70,3.0064223420619967,3.008103484511375
381,L5N1453,70,3.0064223420619967,3.0074019300937653
382,L5N226,70,3.0064223420619967,3.0065792965888978
383,L5N1199,70,3.0064223420619967,3.0068638348579406
384,L5N1693,70,3.0064223420619967,3.0081012815237047
385,L5N1212,70,3.0064223420619967,3.006574755907059
386,L4N571,70,3.0064223420619967,3.0064511454105376
387,L4N2014,70,3.0064223420619967,3.0063610434532166
388,L5N1787,70,3.0064223420619967,3.006758952140808
389,L5N742,70,3.0064223420619967,3.0064078629016877
390,L4N189,70,3.0064223420619967,3.006528068780899
391,L5N943,70,3.0064223420619967,3.007566113471985
392,L3N60,70,3.0064223420619967,3.009763539433479
393,L5N1086,70,3.0064223420619967,3.0066445583105086
394,L4N851,70,3.0064223420619967,3.011922080516815
395,L4N779,70,3.0064223420619967,3.0069258761405946
396,L5N1465,70,3.0064223420619967,3.006787352561951
397,L5N1436,70,3.0064223420619967,3.0065881210565566
398,L5N823,70,3.0064223420619967,3.010821135044098
399,L5N938,70,3.0064223420619967,3.007081100940704
400,L5N395,80,2.9944830322265625,3.053740495443344
401,L3N669,80,2.9944830322265625,3.2517395532131195
402,L4N1276,80,2.9944830322265625,2.995529713630676
403,L5N1655,80,2.9944830322265625,2.9945186907052994
404,L5N953,80,2.9944830322265625,2.9947153717279433
405,L5N444,80,2.9944830322265625,3.0062869280576705
406,L4N45,80,2.9944830322265625,3.0029521214962007
407,L5N389,80,2.9944830322265625,3.004666267633438
408,L5N1599,80,2.9944830322265625,2.9959287053346633
409,L5N1336,80,2.9944830322265625,3.0349968773126603
410,L5N1712,80,2.9944830322265625,2.9944644558429716
411,L5N148,80,2.9944830322265625,2.994362770318985
412,L5N1848,80,2.9944830322265625,2.995150110721588
413,L5N1225,80,2.9944830322265625,2.9954194724559784
414,L5N750,80,2.9944830322265625,2.994903973340988
415,L3N1542,80,2.9944830322265625,2.9956490743160247
416,L5N592,80,2.9944830322265625,2.994708498120308
417,L5N1638,80,2.9944830322265625,2.994533595442772
418,L5N1272,80,2.9944830322265625,2.9953026086091996
419,L5N1331,80,2.9944830322265625,2.994560054540634
420,L5N322,80,2.9944830322265625,2.9942058116197585
421,L4N482,80,2.9944830322265625,3.011243544816971
422,L4N1970,80,2.9944830322265625,2.994368897676468
423,L5N725,80,2.9944830322265625,2.9945384955406187
424,L4N1271,80,2.9944830322265625,2.996346410512924
425,L5N264,80,2.9944830322265625,2.9949243599176407
426,L5N1541,80,2.9944830322265625,2.9945635122060774
427,L5N432,80,2.9944830322265625,2.994783874750137
428,L4N768,80,2.9944830322265625,2.994704793095589
429,L5N1369,80,2.9944830322265625,2.994376195073128
430,L4N257,80,2.9944830322265625,2.996595759987831
431,L5N1453,80,2.9944830322265625,2.995303710103035
432,L5N226,80,2.9944830322265625,2.9949682861566544
433,L5N1199,80,2.9944830322265625,2.99500697016716
434,L5N1693,80,2.9944830322265625,2.999818277359009
435,L5N1212,80,2.9944830322265625,2.99460655272007
436,L4N571,80,2.9944830322265625,2.9945044642686844
437,L4N2014,80,2.9944830322265625,2.9943709993362426
438,L5N1787,80,2.9944830322265625,2.995349537730217
439,L5N742,80,2.9944830322265625,2.994495552778244
440,L4N189,80,2.9944830322265625,2.9945125180482863
441,L5N943,80,2.9944830322265625,2.9954453414678572
442,L3N60,80,2.9944830322265625,2.997863420844078
443,L5N1086,80,2.9944830322265625,2.9945088160037994
444,L4N851,80,2.9944830322265625,3.000276725888252
445,L4N779,80,2.9944830322265625,2.995009407401085
446,L5N1465,80,2.9944830322265625,2.9948165053129197
447,L5N1436,80,2.9944830322265625,2.99481538772583
448,L5N823,80,2.9944830322265625,2.9980527341365812
449,L5N938,80,2.9944830322265625,2.9953395092487334
450,L5N395,90,3.036238126158714,3.112383058667183
451,L3N669,90,3.036238126158714,3.3312019300460816
452,L4N1276,90,3.036238126158714,3.0381671357154847
453,L5N1655,90,3.036238126158714,3.0361986219882966
454,L5N953,90,3.036238126158714,3.038889545798302
455,L5N444,90,3.036238126158714,3.047609714269638
456,L4N45,90,3.036238126158714,3.0431679034233095
457,L5N389,90,3.036238126158714,3.043579553961754
458,L5N1599,90,3.036238126158714,3.038509979248047
459,L5N1336,90,3.036238126158714,3.0648475980758665
460,L5N1712,90,3.036238126158714,3.036379461288452
461,L5N148,90,3.036238126158714,3.0362937980890274
462,L5N1848,90,3.036238126158714,3.03710284948349
463,L5N1225,90,3.036238126158714,3.0367467498779295
464,L5N750,90,3.036238126158714,3.0363656771183014
465,L3N1542,90,3.036238126158714,3.0369175374507904
466,L5N592,90,3.036238126158714,3.036390469074249
467,L5N1638,90,3.036238126158714,3.0362944227457045
468,L5N1272,90,3.036238126158714,3.038577687740326
469,L5N1331,90,3.036238126158714,3.0363837617635725
470,L5N322,90,3.036238126158714,3.036308061480522
471,L4N482,90,3.036238126158714,3.0511597806215285
472,L4N1970,90,3.036238126158714,3.0360931807756426
473,L5N725,90,3.036238126158714,3.036216239333153
474,L4N1271,90,3.036238126158714,3.039535636305809
475,L5N264,90,3.036238126158714,3.038465569615364
476,L5N1541,90,3.036238126158714,3.0363036209344862
477,L5N432,90,3.036238126158714,3.0367304748296737
478,L4N768,90,3.036238126158714,3.0371715134382247
479,L5N1369,90,3.036238126158714,3.0361031955480575
480,L4N257,90,3.036238126158714,3.0383243441581724
481,L5N1453,90,3.036238126158714,3.037252249121666
482,L5N226,90,3.036238126158714,3.0365872460603716
483,L5N1199,90,3.036238126158714,3.0372378605604173
484,L5N1693,90,3.036238126158714,3.0417100095748903
485,L5N1212,90,3.036238126158714,3.0363688308000563
486,L4N571,90,3.036238126158714,3.036231010556221
487,L4N2014,90,3.036238126158714,3.035943105220795
488,L5N1787,90,3.036238126158714,3.036860622763634
489,L5N742,90,3.036238126158714,3.036239224076271
490,L4N189,90,3.036238126158714,3.036329228281975
491,L5N943,90,3.036238126158714,3.0372756296396255
492,L3N60,90,3.036238126158714,3.036883443593979
493,L5N1086,90,3.036238126158714,3.0370608586072922
494,L4N851,90,3.036238126158714,3.0402033615112303
495,L4N779,90,3.036238126158714,3.037120134830475
496,L5N1465,90,3.036238126158714,3.0369010949134827
497,L5N1436,90,3.036238126158714,3.037186312675476
498,L5N823,90,3.036238126158714,3.039005636572838
499,L5N938,90,3.036238126158714,3.036539685130119
500,L5N395,100,3.046180256009102,3.1261267119646075
501,L3N669,100,3.046180256009102,3.3714793944358825
502,L4N1276,100,3.046180256009102,3.0470153868198393
503,L5N1655,100,3.046180256009102,3.0462097406387327
504,L5N953,100,3.046180256009102,3.051919713020325
505,L5N444,100,3.046180256009102,3.0550332790613175
506,L4N45,100,3.046180256009102,3.0536636686325074
507,L5N389,100,3.046180256009102,3.052228627204895
508,L5N1599,100,3.046180256009102,3.0476273399591447
509,L5N1336,100,3.046180256009102,3.0600590324401855
510,L5N1712,100,3.046180256009102,3.0467080199718475
511,L5N148,100,3.046180256009102,3.0462374728918076
512,L5N1848,100,3.046180256009102,3.0478292858600615
513,L5N1225,100,3.046180256009102,3.0483234512805937
514,L5N750,100,3.046180256009102,3.0469507694244387
515,L3N1542,100,3.046180256009102,3.0468428164720534
516,L5N592,100,3.046180256009102,3.0464258486032487
517,L5N1638,100,3.046180256009102,3.0462852638959883
518,L5N1272,100,3.046180256009102,3.0489890146255494
519,L5N1331,100,3.046180256009102,3.046370158791542
520,L5N322,100,3.046180256009102,3.0461092698574066
521,L4N482,100,3.046180256009102,3.068388538956642
522,L4N1970,100,3.046180256009102,3.0461388367414473
523,L5N725,100,3.046180256009102,3.046236596703529
524,L4N1271,100,3.046180256009102,3.050913879275322
525,L5N264,100,3.046180256009102,3.0484632867574692
526,L5N1541,100,3.046180256009102,3.046141418814659
527,L5N432,100,3.046180256009102,3.0462288212776185
528,L4N768,100,3.046180256009102,3.046627077460289
529,L5N1369,100,3.046180256009102,3.046005147695541
530,L4N257,100,3.046180256009102,3.0483285576105117
531,L5N1453,100,3.046180256009102,3.047057391405106
532,L5N226,100,3.046180256009102,3.0465149027109146
533,L5N1199,100,3.046180256009102,3.0481019365787505
534,L5N1693,100,3.046180256009102,3.048106362819672
535,L5N1212,100,3.046180256009102,3.0461572265625
536,L4N571,100,3.046180256009102,3.0461708438396453
537,L4N2014,100,3.046180256009102,3.04595857322216
538,L5N1787,100,3.046180256009102,3.0468846130371094
539,L5N742,100,3.046180256009102,3.046195213794708
540,L4N189,100,3.046180256009102,3.0460992509126665
541,L5N943,100,3.046180256009102,3.0475345236063003
542,L3N60,100,3.046180256009102,3.0488842582702635
543,L5N1086,100,3.046180256009102,3.0468252265453337
544,L4N851,100,3.046180256009102,3.053144652247429
545,L4N779,100,3.046180256009102,3.0470775109529495
546,L5N1465,100,3.046180256009102,3.046432033777237
547,L5N1436,100,3.046180256009102,3.04737596988678
548,L5N823,100,3.046180256009102,3.0476945459842684
549,L5N938,100,3.046180256009102,3.046675069928169
550,L5N395,110,3.0252187663316725,3.097578344345093
551,L3N669,110,3.0252187663316725,3.3189911884069443
552,L4N1276,110,3.0252187663316725,3.025972100496292
553,L5N1655,110,3.0252187663316725,3.0252983766794204
554,L5N953,110,3.0252187663316725,3.0291064965724943
555,L5N444,110,3.0252187663316725,3.038561843037605
556,L4N45,110,3.0252187663316725,3.033438048362732
557,L5N389,110,3.0252187663316725,3.0306373471021653
558,L5N1599,110,3.0252187663316725,3.026905232667923
559,L5N1336,110,3.0252187663316725,3.0462092185020446
560,L5N1712,110,3.0252187663316725,3.0255746257305147
561,L5N148,110,3.0252187663316725,3.0252685260772707
562,L5N1848,110,3.0252187663316725,3.026293967962265
563,L5N1225,110,3.0252187663316725,3.028035719394684
564,L5N750,110,3.0252187663316725,3.0255767410993575
565,L3N1542,110,3.0252187663316725,3.026690189242363
566,L5N592,110,3.0252187663316725,3.025323777794838
567,L5N1638,110,3.0252187663316725,3.025309069752693
568,L5N1272,110,3.0252187663316725,3.0280946004390716
569,L5N1331,110,3.0252187663316725,3.025309705734253
570,L5N322,110,3.0252187663316725,3.0250079375505448
571,L4N482,110,3.0252187663316725,3.04653464615345
572,L4N1970,110,3.0252187663316725,3.025066884160042
573,L5N725,110,3.0252187663316725,3.025557125210762
574,L4N1271,110,3.0252187663316725,3.0289224874973297
575,L5N264,110,3.0252187663316725,3.0279226291179655
576,L5N1541,110,3.0252187663316725,3.025468134880066
577,L5N432,110,3.0252187663316725,3.025402343273163
578,L4N768,110,3.0252187663316725,3.0265710812807085
579,L5N1369,110,3.0252187663316725,3.0249213474988936
580,L4N257,110,3.0252187663316725,3.0282583266496657
581,L5N1453,110,3.0252187663316725,3.0264931535720825
582,L5N226,110,3.0252187663316725,3.0255199962854387
583,L5N1199,110,3.0252187663316725,3.026317608356476
584,L5N1693,110,3.0252187663316725,3.028475434780121
585,L5N1212,110,3.0252187663316725,3.0252903938293456
586,L4N571,110,3.0252187663316725,3.025166448354721
587,L4N2014,110,3.0252187663316725,3.025007373690605
588,L5N1787,110,3.0252187663316725,3.0258039945363997
589,L5N742,110,3.0252187663316725,3.02522737801075
590,L4N189,110,3.0252187663316725,3.024904599785805
591,L5N943,110,3.0252187663316725,3.0259985011816024
592,L3N60,110,3.0252187663316725,3.028819444179535
593,L5N1086,110,3.0252187663316725,3.025591439604759
594,L4N851,110,3.0252187663316725,3.032341955900192
595,L4N779,110,3.0252187663316725,3.0261067777872084
596,L5N1465,110,3.0252187663316725,3.02553820669651
597,L5N1436,110,3.0252187663316725,3.02664145052433
598,L5N823,110,3.0252187663316725,3.0269832187891006
599,L5N938,110,3.0252187663316725,3.0257388418912887
600,L5N395,120,2.9985348802804945,3.092873461842537
601,L3N669,120,2.9985348802804945,3.3308507961034777
602,L4N1276,120,2.9985348802804945,2.9995893198251724
603,L5N1655,120,2.9985348802804945,2.9985581320524215
604,L5N953,120,2.9985348802804945,3.0009442883729935
605,L5N444,120,2.9985348802804945,3.009126660823822
606,L4N45,120,2.9985348802804945,3.008260318636894
607,L5N389,120,2.9985348802804945,3.0069431227445604
608,L5N1599,120,2.9985348802804945,3.000449366569519
609,L5N1336,120,2.9985348802804945,3.028066823482513
610,L5N1712,120,2.9985348802804945,2.9987882167100905
611,L5N148,120,2.9985348802804945,2.998480051755905
612,L5N1848,120,2.9985348802804945,2.999185718894005
613,L5N1225,120,2.9985348802804945,3.0016586875915525
614,L5N750,120,2.9985348802804945,2.9990109103918074
615,L3N1542,120,2.9985348802804945,2.9992989814281463
616,L5N592,120,2.9985348802804945,2.998768764734268
617,L5N1638,120,2.9985348802804945,2.998607379794121
618,L5N1272,120,2.9985348802804945,3.000758082866669
619,L5N1331,120,2.9985348802804945,2.9986809092760085
620,L5N322,120,2.9985348802804945,2.99836727142334
621,L4N482,120,2.9985348802804945,3.018402409553528
622,L4N1970,120,2.9985348802804945,2.998429687023163
623,L5N725,120,2.9985348802804945,2.9986017668247222
624,L4N1271,120,2.9985348802804945,3.0024609041213988
625,L5N264,120,2.9985348802804945,2.999637715220451
626,L5N1541,120,2.9985348802804945,2.9987484049797057
627,L5N432,120,2.9985348802804945,2.9990251648426054
628,L4N768,120,2.9985348802804945,2.9997545146942137
629,L5N1369,120,2.9985348802804945,2.9984086847305296
630,L4N257,120,2.9985348802804945,3.0000821316242217
631,L5N1453,120,2.9985348802804945,2.999056231379509
632,L5N226,120,2.9985348802804945,2.998668931722641
633,L5N1199,120,2.9985348802804945,2.999469664096832
634,L5N1693,120,2.9985348802804945,3.0031064200401305
635,L5N1212,120,2.9985348802804945,2.9985283851623534
636,L4N571,120,2.9985348802804945,2.9985268980264665
637,L4N2014,120,2.9985348802804945,2.998405691385269
638,L5N1787,120,2.9985348802804945,2.9995208948850633
639,L5N742,120,2.9985348802804945,2.998511698246002
640,L4N189,120,2.9985348802804945,2.9985199093818666
641,L5N943,120,2.9985348802804945,2.99928494989872
642,L3N60,120,2.9985348802804945,3.002548933029175
643,L5N1086,120,2.9985348802804945,2.999389218091965
644,L4N851,120,2.9985348802804945,3.006313670873642
645,L4N779,120,2.9985348802804945,3.000160401463509
646,L5N1465,120,2.9985348802804945,2.998960520029068
647,L5N1436,120,2.9985348802804945,2.999492095708847
648,L5N823,120,2.9985348802804945,3.001170049905777
649,L5N938,120,2.9985348802804945,2.99914782166481
650,L5N395,130,3.0062841498851776,3.096258596777916
651,L3N669,130,3.0062841498851776,3.3494966799020767
652,L4N1276,130,3.0062841498851776,3.0076039910316466
653,L5N1655,130,3.0062841498851776,3.0060070180892944
654,L5N953,130,3.0062841498851776,3.0091062819957735
655,L5N444,130,3.0062841498851776,3.0176575803756713
656,L4N45,130,3.0062841498851776,3.01908016204834
657,L5N389,130,3.0062841498851776,3.0138705277442934
658,L5N1599,130,3.0062841498851776,3.008517078757286
659,L5N1336,130,3.0062841498851776,3.0324975299835204
660,L5N1712,130,3.0062841498851776,3.006832493543625
661,L5N148,130,3.0062841498851776,3.0062144654989242
662,L5N1848,130,3.0062841498851776,3.0081922006607056
663,L5N1225,130,3.0062841498851776,3.009355432987213
664,L5N750,130,3.0062841498851776,3.0068576729297636
665,L3N1542,130,3.0062841498851776,3.0074084037542343
666,L5N592,130,3.0062841498851776,3.006428998708725
667,L5N1638,130,3.0062841498851776,3.006512687802315
668,L5N1272,130,3.0062841498851776,3.0092578399181367
669,L5N1331,130,3.0062841498851776,3.006270635128021
670,L5N322,130,3.0062841498851776,3.0061250030994415
671,L4N482,130,3.0062841498851776,3.025849130153656
672,L4N1970,130,3.0062841498851776,3.0062298268079757
673,L5N725,130,3.0062841498851776,3.006478071808815
674,L4N1271,130,3.0062841498851776,3.0107209384441376
675,L5N264,130,3.0062841498851776,3.0087897098064422
676,L5N1541,130,3.0062841498851776,3.0064657443761824
677,L5N432,130,3.0062841498851776,3.006623017787933
678,L4N768,130,3.0062841498851776,3.0076695531606674
679,L5N1369,130,3.0062841498851776,3.006307200193405
680,L4N257,130,3.0062841498851776,3.0094790214300158
681,L5N1453,130,3.0062841498851776,3.007129445672035
682,L5N226,130,3.0062841498851776,3.006474466919899
683,L5N1199,130,3.0062841498851776,3.0076407414674757
684,L5N1693,130,3.0062841498851776,3.0099989449977875
685,L5N1212,130,3.0062841498851776,3.006083312630653
686,L4N571,130,3.0062841498851776,3.0062792003154755
687,L4N2014,130,3.0062841498851776,3.006078900694847
688,L5N1787,130,3.0062841498851776,3.007373844385147
689,L5N742,130,3.0062841498851776,3.0061948519945143
690,L4N189,130,3.0062841498851776,3.00628804564476
691,L5N943,130,3.0062841498851776,3.007886841893196
692,L3N60,130,3.0062841498851776,3.0085794454813004
693,L5N1086,130,3.0062841498851776,3.0072729742527007
694,L4N851,130,3.0062841498851776,3.0126442474126818
695,L4N779,130,3.0062841498851776,3.0081278890371324
696,L5N1465,130,3.0062841498851776,3.0065496444702147
697,L5N1436,130,3.0062841498851776,3.007767067551613
698,L5N823,130,3.0062841498851776,3.0093911576271055
699,L5N938,130,3.0062841498851776,3.0071346879005434
700,L5N395,140,3.0272712939977646,3.1239209353923796
701,L3N669,140,3.0272712939977646,3.3623486334085464
702,L4N1276,140,3.0272712939977646,3.028647369146347
703,L5N1655,140,3.0272712939977646,3.027327151298523
704,L5N953,140,3.0272712939977646,3.0306807124614714
705,L5N444,140,3.0272712939977646,3.040886845588684
706,L4N45,140,3.0272712939977646,3.037482872605324
707,L5N389,140,3.0272712939977646,3.0335946500301363
708,L5N1599,140,3.0272712939977646,3.028750577569008
709,L5N1336,140,3.0272712939977646,3.0610267513990403
710,L5N1712,140,3.0272712939977646,3.028106927275658
711,L5N148,140,3.0272712939977646,3.0272844576835634
712,L5N1848,140,3.0272712939977646,3.0286181032657624
713,L5N1225,140,3.0272712939977646,3.0297552597522737
714,L5N750,140,3.0272712939977646,3.027653807401657
715,L3N1542,140,3.0272712939977646,3.0280617618560792
716,L5N592,140,3.0272712939977646,3.0273444837331773
717,L5N1638,140,3.0272712939977646,3.027441388964653
718,L5N1272,140,3.0272712939977646,3.0301915901899337
719,L5N1331,140,3.0272712939977646,3.0275279134511948
720,L5N322,140,3.0272712939977646,3.0270628374814987
721,L4N482,140,3.0272712939977646,3.045373745560646
722,L4N1970,140,3.0272712939977646,3.0272178095579148
723,L5N725,140,3.0272712939977646,3.0274284249544143
724,L4N1271,140,3.0272712939977646,3.0313232070207596
725,L5N264,140,3.0272712939977646,3.0300605207681657
726,L5N1541,140,3.0272712939977646,3.0272601330280304
727,L5N432,140,3.0272712939977646,3.027730189561844
728,L4N768,140,3.0272712939977646,3.0278706711530687
729,L5N1369,140,3.0272712939977646,3.0271139413118364
730,L4N257,140,3.0272712939977646,3.0291475373506547
731,L5N1453,140,3.0272712939977646,3.0282528626918794
732,L5N226,140,3.0272712939977646,3.027676302194595
733,L5N1199,140,3.0272712939977646,3.028621938228607
734,L5N1693,140,3.0272712939977646,3.0323885935544967
735,L5N1212,140,3.0272712939977646,3.0272205758094786
736,L4N571,140,3.0272712939977646,3.0273701471090315
737,L4N2014,140,3.0272712939977646,3.0272028493881225
738,L5N1787,140,3.0272712939977646,3.028288921117783
739,L5N742,140,3.0272712939977646,3.0272331148386002
740,L4N189,140,3.0272712939977646,3.02724695622921
741,L5N943,140,3.0272712939977646,3.0288275396823883
742,L3N60,140,3.0272712939977646,3.033043096661568
743,L5N1086,140,3.0272712939977646,3.028337953686714
744,L4N851,140,3.0272712939977646,3.034651173353195
745,L4N779,140,3.0272712939977646,3.0286504191160204
746,L5N1465,140,3.0272712939977646,3.027850645184517
747,L5N1436,140,3.0272712939977646,3.0279298281669615
748,L5N823,140,3.0272712939977646,3.0305666089057923
749,L5N938,140,3.0272712939977646,3.0282176333665847
