,L0 direction,L1 direction,Original loss,L0 direction ablation loss,L1 direction ablation loss,Cosine similarity,L1 activation,L1 activation after ablation
0,14478,11523,1.6788933277130127,2.459859329462051,2.04763390570879,0.5105167627334595,4.5717977523803714,2.0570871114730833
1,12956,12739,0.6171412816271186,3.4056452363729477,0.6483510103076696,0.48280641436576843,5.641630554199219,2.152821385860443
2,1793,356,0.0003364911983226193,3.8158573508262634,0.0014467304848949426,0.4702700674533844,7.293747997283935,3.115455746650696
3,15326,15231,0.8474301838781685,2.815483498573303,1.412396850157529,0.4679841101169586,6.849681425094604,2.837492346763611
4,1931,1698,3.4963404893875123,9.480585050582885,2.395638036727905,0.4653424322605133,10.039371490478516,2.1331008195877077
5,16319,13895,0.5618011133279651,2.4267950534820555,0.4614765169098973,0.45891186594963074,4.97103533744812,2.2444395899772642
6,9990,95,0.9708292523398996,3.0486453503370283,1.3954115282744168,0.4542813301086426,5.587453746795655,2.4944167375564574
7,13998,13826,0.1452525987289846,0.7940969752147794,0.19438481684774161,0.45098400115966797,3.7724209785461427,2.1880640506744387
8,12704,10081,0.0034073011425789445,2.0444872975349426,0.23988066911697387,0.4500599503517151,7.168266296386719,3.0390756607055662
9,14358,1009,0.054468425321101674,1.8915534280240536,0.1978087662224425,0.44801393151283264,6.684348392486572,2.7857923984527586
10,3619,3117,1.602996315807104,1.8096685843542217,1.5306562827900052,0.4402165710926056,0.0,0.16091688275337218
11,7020,5658,0.7496866886038334,1.1288521200418473,0.6652654100209474,0.4386911690235138,0.16268959939479827,0.0
12,13798,8061,0.0025788069411646574,0.6181539388373494,0.0474582020426169,0.434146523475647,5.863578796386719,3.505645680427551
13,11663,7023,2.1111295223236084,3.1635488674044607,2.8429232761263847,0.431710422039032,5.510313034057617,2.6773186922073364
14,8593,7932,0.07811915943166241,2.4435054257512094,0.2248527248390019,0.4299802780151367,6.3550502300262455,2.6783259868621827
15,12900,8663,0.35654734798299614,3.4902370646595955,0.5043774955207482,0.4296393096446991,7.687418413162232,3.5268522262573243
16,12148,9988,1.184185166005045,1.8743725784588605,1.2069043500348926,0.42956793308258057,3.954059100151062,1.7262730836868285
17,12058,10477,1.802432680502534,4.2195247754454615,2.3851071804761887,0.4281434118747711,10.326105880737305,2.2745476007461547
18,10929,7023,1.6767432300373912,2.4191280126571657,1.6870913697406649,0.4256056547164917,4.591164064407349,1.7361693143844605
19,15355,7066,0.0119762867980171,0.9539877808711026,0.028474001004360615,0.42405545711517334,5.456644773483276,3.098767638206482
20,12472,9712,2.4072631269693376,2.863324534893036,2.4427414417266844,0.4216471016407013,4.6182708740234375,2.276397395133972
21,14562,9508,0.7720796037465334,3.052759552001953,0.9995833069086075,0.41983747482299805,5.488107061386108,0.8519976824522019
22,13074,2587,0.9935163000132888,1.386492471396923,1.166048620454967,0.41699761152267456,4.745094418525696,2.863333582878113
23,10805,8651,0.853367283102125,1.7581627583131194,1.2560749288648367,0.41696709394454956,7.348044490814209,2.243358826637268
24,15989,9944,0.0010291847080225124,4.782769989967346,0.017505630268715322,0.4158362150192261,7.528667879104614,2.937715005874634
25,5921,4986,0.6175461585633457,2.9196149289608,0.6610221037641167,0.41578441858291626,4.15485680103302,0.537525188922882
26,15335,8715,0.8687231361865997,1.7873296150937676,1.3524612467736006,0.4126579761505127,3.0466554403305053,1.0435516655445098
27,16306,10724,2.1104071993380784,3.1611854910850523,2.3579473279416563,0.4126209616661072,5.93180627822876,1.6339402556419373
28,7726,4104,0.003369908876629779,0.5031906768679619,0.010845856592641211,0.41172701120376587,6.481611061096191,4.650706624984741
29,5206,1407,0.005214754036569502,1.2882648393511773,0.08068563090637326,0.41155779361724854,6.968838024139404,3.6402571320533754
30,12920,6530,0.22437863431405275,0.6279987066984176,0.1790755409747362,0.4114900529384613,4.267905521392822,1.9350507497787475
31,14135,10594,2.7005150377750398,2.4684433460235597,2.918505322933197,0.4112122654914856,4.143594598770141,1.9588006436824799
32,7883,3617,0.6876288551837206,2.6864253520965575,0.3065972409909591,0.4108462631702423,6.63721227645874,1.4334034085273744
33,14838,7887,0.8566105417907238,3.3772884011268616,1.1062237605452538,0.4103567600250244,3.854833459854126,1.8452069878578186
34,7027,6530,0.7099091948010028,0.9541104093194008,0.8238864298909903,0.41019579768180847,4.9658695459365845,2.2543684124946592
35,12325,10359,2.45484169870615,3.889499509334564,3.3318944692611696,0.40944528579711914,7.009542465209961,3.617933285236359
36,1292,579,0.8999541517696343,1.8294967368245125,0.9308271583984606,0.4089052677154541,4.908345317840576,2.3275922298431397
37,15338,6293,0.0006203408502187813,0.8363273240625858,0.0016144934928888689,0.40847572684288025,7.465173387527466,4.045039439201355
38,2256,2208,1.5866073697805405,2.1522923961281775,1.622503501176834,0.4036576747894287,6.81611270904541,2.6564157724380495
39,10206,857,1.2689323763363063,2.9445123128592967,1.6196526075480506,0.40314334630966187,4.955088639259339,1.391515064239502
40,11902,7412,0.006385194696485996,0.39809488244354724,0.017637894744984804,0.4016478955745697,5.680813598632812,3.115942430496216
41,15204,13053,0.9286612547934056,0.9991047933697701,0.9634320102632046,0.4009711444377899,0.4581665739417076,0.20975375771522523
42,13177,12868,0.011600388586521149,7.199961805343628,0.05283121839165687,0.40069258213043213,6.762088871002197,2.0668471097946166
43,7105,880,0.0015161320283368696,3.934233021736145,0.32484242375940087,0.39987266063690186,6.098587512969971,1.4172280788421632
44,13513,1014,1.4522257087752224,2.0330747306346892,1.7555045633576811,0.3995938003063202,6.264833068847656,1.8415005266666413
45,13378,1193,0.34653035197407006,1.5041023358702659,0.3579981023445725,0.39882925152778625,5.057212829589844,2.295820617675781
46,15114,9028,0.0006563202892721165,2.6775479137897493,0.009971286455402151,0.3979903757572174,6.969293689727783,1.8447985172271728
47,6912,4274,1.3718896039761603,1.207429366884753,1.421874346351251,0.3949437141418457,0.38726700842380524,0.001081615686416626
48,2262,1295,0.38324336856603625,1.5534083291888237,1.154772362858057,0.39407649636268616,12.339970874786378,1.4804571270942688
49,16342,5167,0.12085575377277565,0.2814696250483394,0.2428452930325875,0.39406079053878784,8.027023792266846,2.9018781661987303
50,3366,40,1.5915260173380374,1.8603923849761486,1.693833313882351,0.39294442534446716,5.4753947257995605,2.3456469535827638
51,7020,3939,0.7496866886038334,1.1288521200418473,0.6610224687494337,0.3920910358428955,0.1658839464187622,0.31147426962852476
52,5478,2730,0.12583390744403006,0.2560464692302048,0.15376833730260842,0.3914124667644501,7.109377765655518,3.3629834413528443
53,6624,5138,0.004441105139267165,0.7896415390074253,0.07337958430871368,0.3912273347377777,5.975547838211059,3.8267934560775756
54,13908,3118,0.6445508749224246,0.9900867776246741,0.7348513484699651,0.3900619447231293,3.625520944595337,2.657710039615631
55,13663,8737,0.7976842283736915,1.1251050582155586,1.2731388938147574,0.38989782333374023,6.1543505668640135,3.226877236366272
56,8186,3846,1.7716772243380547,1.6018684417009355,1.6163346007466317,0.38985908031463623,7.243187713623047,6.8950855255126955
57,6820,3235,1.7621353439986707,2.794073149561882,2.328584954701364,0.38953840732574463,3.5276510238647463,1.057751551270485
58,16379,3308,2.106522100046277,2.358619149774313,2.3553434016183017,0.38932380080223083,2.9984880924224853,2.154530954360962
59,3097,2169,0.9415449522435665,3.126301372051239,1.2333125919103622,0.38784724473953247,6.507237148284912,1.8157011985778808
60,12155,5906,0.06082822942407802,1.2095694370567798,0.14799554946366697,0.3877096474170685,6.073735618591309,3.1138394832611085
61,6914,1533,0.004307932814117521,4.196391028165817,0.030457273370120674,0.3873528838157654,5.7596314430236815,2.1838967144489287
62,15117,12405,0.22980533316585933,2.166712599992752,0.6082202559686266,0.3868888318538666,4.023443698883057,1.3948317885398864
63,12938,1928,2.3048141583800317,4.102383758127689,3.2318911124020815,0.3867751955986023,6.447059869766235,3.984458637237549
64,9073,4022,0.5783652823418379,3.793288940191269,1.4435675874352456,0.38552048802375793,4.791792011260986,2.7059860229492188
65,5297,1222,0.6687965463846922,2.9451637893915175,1.5866364907473325,0.38440799713134766,8.655357789993285,4.077276515960693
66,12531,9037,0.6309722291305662,2.119686985388398,0.8926501849666237,0.38383930921554565,3.951267671585083,1.687903928756714
67,8927,4437,0.5184675885364414,1.7198131173849105,0.7093493655323982,0.3821275532245636,7.030404901504516,3.2123137712478638
68,9723,3118,2.9543603390455244,3.782197991013527,3.2553939521312714,0.3820660710334778,4.790518760681152,2.1046711802482605
69,11462,7802,0.863372515141964,5.612213045358658,1.3149261832237245,0.3815278112888336,9.437872791290284,1.6899860382080079
70,12132,5717,4.003806484433881e-05,7.802474021911621,0.007044858229346573,0.38122856616973877,8.50138030052185,1.9419962823390962
71,16177,12419,1.219225811958313,3.609050875902176,1.9270198225975037,0.3810414969921112,4.721765661239624,2.6868693351745607
72,11960,4398,0.0005892962302823434,4.551342868804932,0.05827932050451636,0.3802480399608612,7.624838590621948,2.8463546991348267
73,13226,5739,1.9285626761615275,2.6494135819375515,2.0775005139410494,0.3798024356365204,4.869691371917725,2.9643184661865236
74,15967,15354,0.7653998255729675,2.6309456527233124,0.7183269113302231,0.3794354200363159,4.7178901672363285,2.0092278361320495
75,12319,3902,0.6146590895950794,3.6562116146087646,0.4819373324513435,0.3788231611251831,4.6328747272491455,1.6219283759593963
76,6828,5309,0.7873180366830639,1.2494494408369063,0.5906510509550571,0.3775234818458557,9.779692935943604,4.8640789031982425
77,16006,11617,0.00972064018715173,0.2006902853026986,0.023727065708953887,0.3767865002155304,6.40375247001648,4.894987297058106
78,14457,11304,3.2736880034208298,5.7644665241241455,3.1862007468938827,0.37634822726249695,5.319750547409058,1.5575113236904143
79,7075,2036,0.731228979176376,1.7268033953383566,0.9345998151227832,0.3760470747947693,4.189155960083008,2.124503266811371
80,10946,2981,0.49765948858112097,0.7145829342305661,0.5465865654405206,0.37591350078582764,3.5839035272598267,2.442672085762024
81,10229,3061,0.010230837726703612,0.632442144677043,0.04686958206875715,0.3758067488670349,4.392025828361511,2.924235427379608
82,16351,15852,0.793451277539134,1.1400716286152601,0.7851636338979006,0.3746654689311981,3.5278932809829713,3.4323861598968506
83,13651,10289,0.00021662673389073462,0.3614968449808657,0.004191773885395378,0.3743748068809509,8.694676637649536,5.708111381530761
84,15800,7775,0.8017665818333626,3.46654147580266,0.675907883187756,0.37436559796333313,7.213033008575439,1.9356448590755462
85,13542,6629,0.05564419818110764,1.3682586029171944,0.17443186268210412,0.37402960658073425,7.599965238571167,2.0543018102645876
86,7020,3117,0.7496866886038334,1.1288521200418473,0.6641373201273382,0.37356334924697876,0.06358409821987152,0.256771057844162
87,13544,2762,1.333385016117245,4.434478949010372,3.247006022930145,0.37291842699050903,10.237743091583251,4.698829007148743
88,5720,2042,0.9099423630628735,1.0986116535961628,1.354447287134826,0.3720833659172058,4.247219681739807,3.3194901943206787
89,3338,1687,0.9983017962425947,1.6244138725101949,1.0694044068455697,0.3716491162776947,3.1618417263031007,1.7291848063468933
90,7915,2531,0.9465841884259134,2.0537797464989125,0.8709942345507443,0.37013307213783264,5.317134141921997,1.831117582321167
91,15387,4673,2.663326616678387,3.436341831088066,2.8734080258756878,0.37001192569732666,6.648121404647827,3.672552561759949
92,12482,5016,0.06090424971953325,1.8609125852584838,0.030445417975715827,0.36968326568603516,4.019297409057617,1.599762761592865
93,6045,400,0.9310990307480097,2.202550341188908,1.0118931360542773,0.3696196675300598,4.2681474685668945,2.104010045528412
94,8122,4780,1.513967270962894,1.9719087332487106,1.602964293025434,0.36950671672821045,6.630216312408447,5.5429394245147705
95,11728,4797,2.287884610891342,3.6849274396896363,2.8293702721595766,0.36949941515922546,8.066096019744872,3.7771082162857055
96,3041,576,0.13629829396959395,1.8760764986276626,0.267416606284678,0.36946287751197815,3.947584080696106,1.301054584980011
97,13360,8651,0.48989690504968164,0.9614665439352393,0.6281395193189383,0.3684145212173462,4.8859827518463135,2.795001137256622
98,4170,2874,0.0011817295030141395,4.837213981151581,0.2859390452387743,0.3678118884563446,8.922682571411134,1.8395137190818787
99,15576,8516,0.0021140066237421706,1.8442810788750648,0.014849820546805859,0.3676864504814148,6.666906213760376,2.3162408828735352
100,8941,7519,1.4379581926390528,2.4895049333572388,2.2555273443460466,0.36751800775527954,5.147257709503174,2.879230260848999
101,8163,4377,0.26434246809221806,2.3656490087509154,0.6757509935647249,0.36748000979423523,5.957602405548096,3.663143682479858
102,2542,1127,1.582992386817932,2.9679269867017863,1.7673993019852787,0.36727407574653625,5.840215158462525,3.5944686055183412
103,13023,400,0.4153582027181983,1.1949130848050118,0.5735851670615375,0.3667386770248413,3.134383773803711,1.4321293830871582
104,15702,9096,0.5779560983181,1.3964861169457436,0.6557332053780556,0.36639878153800964,6.480913734436035,3.6424904108047484
105,7872,3120,0.8387113796547055,1.2903310462832451,0.7491595185361802,0.3656105101108551,4.7774632453918455,1.6509945571422577
106,14026,6645,1.5802549734711646,2.4114780575037003,1.7384619180113077,0.3649109899997711,5.707041788101196,2.428968608379364
107,15826,3737,0.804787665978074,1.0547410868108273,0.7178811443969607,0.3646940290927887,7.719021654129028,4.95298752784729
108,9940,3630,2.2644678123295305,4.242775726318359,2.4105926733464003,0.3643920123577118,5.402917671203613,3.213897442817688
109,13448,4377,0.0009765494061866776,2.6079543471336364,0.0020187531161354856,0.3636648654937744,6.4688173770904545,1.9774873375892639
110,7083,2105,0.5292513930573477,1.6580810517072677,0.6569154561730102,0.3635937571525574,4.951159882545471,3.0652347683906553
111,12628,5214,0.8133491590619087,0.96691964417696,0.7139757096767425,0.36303406953811646,5.5734704494476315,2.5230210185050965
112,11224,6487,1.2599495382979513,1.6276426300406457,1.255611521191895,0.3621378540992737,4.726443338394165,1.8936155796051026
113,8575,2664,1.2596417075023054,2.5083331376314164,1.5994542311877011,0.3618679940700531,5.119440174102783,3.040356397628784
114,12695,11297,0.7329374027904123,0.8631880357861519,1.0913370786234737,0.3618007302284241,5.790464210510254,2.6403533101081846
115,11942,8022,1.40332393348217,2.2774846076965334,1.5571172297000886,0.3610261380672455,7.621854972839356,5.283830690383911
116,6784,3020,3.6614595890045165,4.9337176322937015,3.864205092191696,0.3606136739253998,3.029700994491577,1.1968214094638825
117,15921,7795,0.6728788780048489,1.5500518776476384,0.6914255311712623,0.3602493405342102,0.42960134893655777,0.03855123370885849
118,15892,7393,0.32087296396493914,0.6158319264650345,0.4109008215367794,0.3601393401622772,5.63360185623169,5.439265346527099
119,15381,4670,1.218312557041645,3.7677385568618775,1.246850448846817,0.3600535988807678,7.655769491195679,2.2057666301727297
120,12979,3343,1.1592000068165362,1.7294958047568798,1.157945904880762,0.3592030704021454,5.110099506378174,1.4110069751739502
121,11035,3333,2.011783850193024,3.8669659316539766,2.9433878287672997,0.35847052931785583,10.572909069061279,4.254830932617187
122,16166,6394,1.0865923434495925,1.2545640029013156,1.3376336485147475,0.3584340810775757,5.291405916213989,3.9512288093566896
123,11163,3005,1.0006079208287701,1.103867292450741,0.9470340535859577,0.35761672258377075,0.03145630955696106,0.0
124,7371,400,2.066230076551437,2.805840776860714,2.328204035758972,0.3574548065662384,3.9988457918167115,2.117104697227478
125,9542,6746,0.9673033033497631,3.7403400182724,1.093733069486916,0.3570209741592407,7.8226401805877686,3.981850743293762
126,10010,4022,0.1635461272788234,1.4758530206978322,0.43123646629974244,0.3568454384803772,3.385333037376404,1.794216513633728
127,7777,4526,0.5653705412521959,1.8613070387393236,0.7047023927792907,0.35682475566864014,4.935709142684937,2.2987968027591705
128,11583,3790,0.771800676593557,2.0602294900920244,0.9139276092872024,0.3567412197589874,4.5700477123260494,2.3766495108604433
129,3663,562,0.01001570230582729,3.1117462426424027,0.37248764038085935,0.3553098738193512,9.085958290100098,2.851994013786316
130,8453,6406,0.9825285635888577,2.0569858573377133,0.9782387048006058,0.3545113205909729,6.535529041290284,2.346604609489441
131,6621,1687,0.4207429823698476,0.5327415928244591,0.14500936334952713,0.3544694781303406,4.254389977455139,2.7513113498687742
132,9476,4430,0.0003425428905757144,0.30100300461053847,0.005998866865411401,0.3544619083404541,9.975928497314452,5.5825506210327145
133,1522,95,0.4407349195331335,2.1372225254774095,0.9114242255687713,0.3534548282623291,4.354275798797607,3.2498706817626952
134,5494,3507,1.5530816132202745,2.1054736034013333,1.833565624547191,0.35301077365875244,4.847979211807251,2.256468141078949
135,10823,3313,0.006961447290086653,0.7759091322310269,0.018827876588329674,0.3524980843067169,4.978425073623657,2.1237662076950072
136,15364,3117,4.931016837060452,5.802927215397358,4.8806257277727125,0.35249704122543335,0.0,0.013854146003723145
137,9457,7535,1.3276797369122506,2.8397101551294326,1.4853908330202104,0.35124149918556213,4.891113996505737,1.6047649741172791
138,8234,7434,0.11126679305452854,0.43825107216835024,0.1305389550514519,0.35110774636268616,4.963317275047302,2.0702998757362367
139,12455,3258,0.017770407372154295,0.5986788788810372,0.029884770851640496,0.3511051535606384,4.072915506362915,1.9354544281959534
140,8266,1589,1.2919404167681932,2.6885023444890974,1.4629118476063012,0.3507768511772156,5.126299810409546,1.96939617395401
141,14584,11297,2.1394787639379502,3.0708299964666366,2.2370479717850684,0.3505416214466095,4.683523154258728,1.8354685425758361
142,16252,4372,0.025957314780680463,0.4566356698051095,0.06052613212959841,0.35052624344825745,7.402490139007568,4.998053121566772
143,15144,14522,0.6842157181352377,2.4088632998988033,0.8900086302310228,0.3500966429710388,1.8620917439460754,0.03991959989070892
144,15073,6391,0.78235714584589,1.3700518511235713,0.7948947370052337,0.3495790660381317,3.7987099409103395,1.8085277318954467
145,9036,303,0.0022869003787491238,2.282120068371296,0.0025414612384338396,0.3495253920555115,5.13556661605835,2.9144946455955507
146,2729,2252,2.7218816965818404,3.6849665731191634,2.789774566888809,0.34944063425064087,1.8814062118530273,1.2798060536384583
147,11912,4274,1.627566160261631,1.5234529554843903,1.7057772397994995,0.34936949610710144,0.4118944570422173,0.07293505668640136
148,11358,1541,1.4531132206320763,2.340861402079463,2.033380849659443,0.3491576910018921,3.5826818704605103,1.3863043785095215
149,13020,12099,0.2995947267860174,0.5512837878428399,0.3627521421760321,0.34877756237983704,8.545650291442872,3.4819748878479
150,15744,7552,4.106417348980903,6.671464264392853,5.667109442315995,0.3483630418777466,7.077876710891724,3.4494229555130005
151,14714,10834,0.0016065731644630433,9.469882917404174,0.5429846212267876,0.3478901982307434,9.034808731079101,1.697725024819374
152,14632,6662,0.8955237220972776,3.0021996229887007,1.0699565529823303,0.34772682189941406,6.334023833274841,3.045610189437866
153,12773,12715,0.15212598689831794,0.55164785515517,0.6144746808335185,0.34734711050987244,4.272920489311218,2.2991572618484497
154,11961,6391,0.9226014679763466,3.837707608193159,1.0847766824066638,0.34694716334342957,5.780248928070068,1.1996512085199356
155,6305,2174,0.9384971829364076,1.4123858358711003,1.1015120305586605,0.34662264585494995,4.771458268165588,3.2961593151092528
156,10099,3970,0.000984985724062426,1.2548722927458584,0.005228290612285491,0.3463311195373535,4.393307876586914,2.0785178899765016
157,1731,466,0.005085689056431875,7.344502067565918,1.0444363713264466,0.3463294804096222,10.624023818969727,3.3946975231170655
158,15089,7887,1.3725872386014089,2.2190365731716155,1.3000726804719307,0.34622231125831604,4.2569005489349365,2.103582298755646
159,10901,4780,1.2136768084019423,2.040603306889534,1.676296853495296,0.34565719962120056,3.302413058280945,1.7667753458023072
160,7732,2513,0.0017451358766493285,0.33077369136735796,0.03453623119949043,0.3455255627632141,5.9329063415527346,3.581135904788971
161,13961,3586,0.30019598873332143,2.2112422943115235,0.46252722945064306,0.3454025089740753,8.322693252563477,2.8007672905921934
162,13750,1708,0.4392849881201982,0.7430264452472329,1.0332407087087632,0.34513726830482483,2.7059120416641234,2.3024988651275633
163,15981,421,2.7201697766780852,3.874735116958618,2.7598057985305786,0.3446263074874878,7.858823776245117,3.8705307960510256
164,15982,15667,1.0451752841472626,1.6634697921574115,1.3349551141262055,0.3443381190299988,3.4716827392578127,2.6726205825805662
165,13960,2239,0.23451246333133896,2.970259836316109,0.1748573482851498,0.34411630034446716,7.827094078063965,4.425988483428955
166,12965,7115,1.1795820146799088,1.6409037873148917,1.3149987399578094,0.34399572014808655,0.26766787767410277,0.194237220287323
167,6903,6053,1.3803299427032472,2.619553702324629,1.4406526535749435,0.34395527839660645,3.523497438430786,1.6245369911193848
168,10383,328,1.9279211498447695,2.774938642978668,1.834178967156913,0.3435107469558716,5.899567937850952,4.936099481582642
169,15471,8544,0.00023963201965671033,6.3513041019439695,0.011456899985205382,0.3432982861995697,10.891223907470703,2.2201565504074097
170,14433,734,1.608596135675907,2.366028106957674,2.001556196808815,0.34318873286247253,6.119973182678223,3.122076916694641
171,12597,6488,0.000438105691500823,1.0647659301757812,0.0023570680350530893,0.3431008458137512,7.532764101028443,3.5515208721160887
172,12999,7643,0.10633580766152591,0.7730374030768872,0.2777925905829761,0.3429737985134125,6.87227201461792,4.850314617156982
173,15846,4079,3.0715754508972166,4.197963300347328,3.79951596558094,0.3421887755393982,6.6794227123260494,3.2019551038742065
174,5135,1531,3.041106414794922,3.941834735870361,3.3130977869033815,0.3419695496559143,5.377522659301758,2.4916096806526182
175,3875,1153,0.01929971342906356,0.3353125389665365,0.07424018625169992,0.3418140411376953,9.085827255249024,5.1571510314941404
176,9010,1812,0.4151618181494996,2.114922896027565,0.5753677971661091,0.34161821007728577,10.139838123321534,2.0699363350868225
177,8225,1384,1.4403157880529762,1.396879643248394,1.9383308932185173,0.34136319160461426,2.310322666168213,1.280532455444336
178,15337,3179,0.4553030330454931,0.8496260844171047,1.0311000866815447,0.34123295545578003,5.413613414764404,2.746108293533325
179,10553,5626,0.9562504356727004,2.58566882237792,1.088885882217437,0.3405618369579315,5.170906829833984,2.72138751745224
180,6963,6904,1.0120933923870326,2.6440372839570045,1.6220329254865646,0.3403966724872589,5.721806955337525,3.5652640104293822
181,3172,1430,1.41900691986084,2.486726093292236,1.5383478283882142,0.3403167128562927,0.0,0.0
182,16159,9262,1.2444444680586457,1.9952963292598724,1.602212870121002,0.34013569355010986,3.462103009223938,1.5307704329490661
183,11329,1332,0.7937756679952145,0.7689946942031384,0.9907355479896068,0.33982744812965393,2.4591481566429136,1.686260187625885
184,6690,2314,1.4828839212656022,2.4256706297397614,1.6275023877620698,0.3397597372531891,7.110957241058349,4.14922149181366
185,12119,12010,0.0009433401093701832,0.24495922755450011,0.0004827910313906614,0.339736670255661,5.398358345031738,2.187391519546509
186,13918,9135,0.36164356395602226,0.7804537034593523,0.380865278840065,0.33965516090393066,5.077126312255859,2.3264832973480223
187,16246,10844,0.7408158234320581,2.514338421821594,0.7083636296913027,0.3396396040916443,5.203417825698852,1.8205759644508361
188,9840,4866,1.278101871907711,2.5102890476584436,1.6275199826806783,0.33932554721832275,3.1412578344345095,2.460353708267212
189,8828,7980,1.3559191759675742,1.7805263563990592,1.301751934736967,0.3392382860183716,3.209780716896057,2.200471115112305
190,16113,6626,1.0559402015060186,1.517510222643614,0.8387067873030901,0.33888882398605347,6.169916677474975,4.4540321826934814
191,16178,6471,1.3663997940719128,1.740374854207039,1.431925965845585,0.33864399790763855,4.722985029220581,2.363196587562561
192,12251,9660,0.41644627125933764,2.454101192951202,0.7718533139675856,0.33844780921936035,6.910782670974731,3.019804906845093
193,12573,3235,2.042824902758002,2.5589109122753144,2.4886168986558914,0.3381659984588623,4.328200483322144,2.8620718002319334
194,13844,9828,0.5154631566256285,3.3406169950962066,0.474415853433311,0.3380625545978546,2.751089835166931,1.1100690245628357
195,11696,5658,3.1004908829927444,3.618829882144928,3.743663477897644,0.3380265533924103,0.0,0.03452922999858856
196,14723,5425,0.991082064807415,2.3440198160707952,1.3621204383671284,0.3377963900566101,5.595309448242188,2.5690338611602783
197,15259,12868,0.0007130191086616832,0.28182566007599236,0.0016382505833462345,0.33775871992111206,5.081379699707031,3.8646934032440186
198,13902,1771,1.0551774970255792,1.4807293921709062,0.9368557840585708,0.3376500606536865,5.285143184661865,4.803660821914673
199,16089,8247,0.8299180459862328,2.0742603659629824,1.1014778117532842,0.33764412999153137,4.617607209086418,2.7779822617769243
200,4289,2208,2.5196382142603397,4.795986378192902,2.9212785452604293,0.33761560916900635,2.1201615750789644,0.6940778493881226
201,9610,9500,1.2943850824376568,2.3014808719977737,1.5715516320196912,0.3374747633934021,3.6272995114326476,2.443149816989899
202,9340,9253,0.0021815881933434866,3.2483770310878755,0.003956497734907316,0.33711594343185425,0.6732837617397308,0.00663672685623169
203,9020,5693,2.3114796170964835,2.8928448438644407,2.5420066732913256,0.33697015047073364,5.755362200736999,4.869814658164978
204,10432,3511,1.041451983898878,2.4714979767799377,0.8824617341160774,0.3366975784301758,6.482589244842529,5.209179401397705
205,9597,9156,0.10248729828745126,0.16371277449652552,0.11362271048128605,0.33651867508888245,6.547636795043945,4.497964930534363
206,7517,474,0.7800463970634155,5.385985159873963,1.2233896630408707,0.33649784326553345,7.806979465484619,1.7699321269989015
207,9728,7628,0.9938311234116555,2.659638424217701,0.9427613455802202,0.3362627923488617,5.542371988296509,1.408369594812393
208,15654,12169,0.8498716428875923,2.4160269141197204,0.8298523899167776,0.3362220525741577,4.61857054233551,3.925214171409607
209,13355,3579,2.837209779024124,3.514894124865532,2.9015796005725862,0.33612218499183655,4.3057420492172245,2.7397427439689634
210,13439,5271,2.982490863278508,3.185039608553052,3.6329627541825174,0.3359852135181427,5.046796798706055,3.1383102893829347
211,10616,9324,0.0007698587331105955,0.26809612025972457,0.004774745006579905,0.3357875645160675,4.366477394104004,2.495441734790802
212,11499,9119,0.03446558155119419,2.280896306037903,0.009973483392968774,0.3353919982910156,9.113478183746338,2.8991780042648316
213,9229,3939,3.49315288066864,4.010712792724371,4.100847160071135,0.335282564163208,0.0,0.0
214,8928,8186,1.3442908484954388,2.5249549143016337,1.3665035875979812,0.33522310853004456,4.187228631973267,3.285934090614319
215,10981,8618,3.1759554505348206,3.6413262367248533,3.2321712255477903,0.3350776135921478,3.2640157461166384,1.6297107756137847
216,8614,7863,1.668724999204278,1.8617588487453758,1.753211632743478,0.33478066325187683,0.01818985491991043,0.12858167439699172
217,6141,4190,0.006663926632609218,0.5680694453418255,0.023060923581942915,0.3346632421016693,4.954120469093323,2.535082960128784
218,13100,5340,0.0025431938382098453,0.3823620680719614,0.010184811969520525,0.3346092700958252,6.2225837230682375,3.4001744270324705
219,10251,461,0.8194883118849248,1.3221814334392548,1.154832315724343,0.33415961265563965,0.6015794456005097,0.28457359671592714
220,11228,2541,0.43053266264032575,1.1366293743252753,0.41834585918113587,0.3341454565525055,5.657505321502685,3.7909167766571046
221,15957,1606,2.824275773763657,4.080730679631233,3.0687470197677613,0.3341100513935089,2.2192999839782717,1.401361531019211
222,9137,3311,1.8252176359295844,3.9342101156711577,1.8694181330502033,0.33393728733062744,10.193618011474609,3.329400825500488
223,12199,4781,0.8634301745332778,1.4981319374404847,1.4524644199060277,0.33386147022247314,5.320895862579346,2.7954204797744753
224,13168,3061,0.0011827000227640383,1.826368993637152,0.006310965496231802,0.33385542035102844,6.189680719375611,3.295496702194214
225,13731,3084,0.7175894612446427,1.5180944830179215,0.7672097215428948,0.3336765468120575,5.150205373764038,2.3148839831352235
226,13565,8651,0.6873634941875935,1.0071685388684273,0.5355956168845296,0.3334903120994568,4.754483366012574,3.6818283796310425
227,14658,8673,0.3282027724198997,0.8456449616700411,0.7378139436244965,0.3330997824668884,4.852696490287781,3.946163272857666
228,12245,8618,0.7343791245482862,0.8141977833583951,0.7271762751974166,0.33280080556869507,3.9204766511917115,2.990966629981995
229,10857,5247,0.00045162300257288733,1.9897275030612946,0.0030474523726297777,0.33266201615333557,6.167139291763306,3.8814914226531982
230,11917,10216,0.16648643559310586,0.26606749306665733,0.21548457425087691,0.33263182640075684,5.2193334102630615,2.2623828053474426
231,16188,15842,0.6670115607790649,4.027794098854065,0.8416869123233482,0.33260929584503174,7.193859100341797,1.6153214693069458
232,14999,581,1.5506506564095617,5.028945875167847,1.9028095737099648,0.33253970742225647,9.734794330596923,2.512252914905548
233,15680,7128,0.5895719324471429,3.094825327396393,0.6709098069695756,0.33239448070526123,9.441399812698364,1.7399504691362382
234,12922,4600,1.7743049725890159,2.127622053027153,1.5956059044227004,0.3320610821247101,2.635207164287567,0.506664764881134
235,9709,6296,3.560575532913208,4.463441523909569,3.432752314209938,0.3319862186908722,0.0,0.0
236,8933,1942,0.536939493380487,0.7363720901310444,0.6970904840156436,0.33150172233581543,4.416219854354859,2.337020015716553
237,3589,2521,1.1245506172534079,2.158434779196978,1.3235586777329444,0.3311864733695984,5.372478389739991,4.516042232513428
238,6596,338,0.8343241944909096,1.0878852030262351,1.0161940054735168,0.33082544803619385,3.383467364311218,1.8557160139083861
239,14466,673,0.0061062329303240405,0.03211592412553728,0.007267681989469565,0.3307435214519501,3.164988386631012,2.1571926832199098
240,7000,3578,0.0009952246997272595,0.6342432173434644,0.0002106007239490282,0.33061933517456055,3.6561097383499144,2.030442976951599
241,6231,2474,1.409416814148426,1.600294503569603,1.4794403702020644,0.33045709133148193,3.9185053586959837,2.322242784500122
242,6751,2252,4.04049026966095,4.948807001113892,4.459041047096252,0.33018288016319275,7.107505369186401,4.920972084999084
243,5485,697,1.1825133211910726,1.3502364559099078,1.2417658358812331,0.32996946573257446,4.848116827011109,4.013549256324768
244,9960,9253,0.23519342343788593,0.4026109755039215,0.3361020962707698,0.329912394285202,6.589365768432617,3.6583088099956513
245,7757,5765,1.558466026186943,1.7978495668619872,1.5736244268715383,0.3297911584377289,3.1151914834976195,2.6744256973266602
246,11642,6998,1.7072467260062694,2.6336248501203956,2.2283043079078197,0.32928532361984253,7.2777672290802,2.896273374557495
247,9104,4498,1.2207344241440297,1.2732934248633683,1.7942207634449006,0.32911422848701477,3.776632285118103,1.8179563283920288
248,8614,34,1.668724999204278,1.8617588487453758,1.753258788306266,0.3286641836166382,0.006677642464637756,0.1466272085905075
249,14474,14159,0.004014342895243317,2.502041482925415,0.03900403056759387,0.3285631835460663,6.866112852096558,2.54437415599823
250,8874,3589,0.03010164313018322,0.3783051511272788,0.01713352114893496,0.32854658365249634,5.665620040893555,3.92873592376709
251,12003,9156,0.8817671333206818,1.5220204533019568,0.850661701936042,0.32840996980667114,1.749116986989975,0.40195115804672243
252,15198,12074,0.7926659572869539,1.7416997261345386,1.0633108528098092,0.3281593322753906,4.918172693252563,1.4963360548019409
253,15364,5658,4.931016837060452,5.802927215397358,4.8806257277727125,0.32813286781311035,0.0,0.0
254,13212,191,1.2499032893683761,1.9386352473520674,1.3538967248052358,0.3281077742576599,4.392038750648498,2.796733820438385
255,15038,9883,0.8279871446546168,1.7404191315174102,1.0441397624090314,0.32808250188827515,4.727155017852783,2.127032518386841
256,13848,13657,0.9597416058182716,2.59242959022522,0.9290755212306976,0.32785922288894653,4.03096387386322,2.4815799593925476
257,15567,8508,1.4370251514017582,1.6889959841966629,1.6638043858110905,0.3276643753051758,3.7989768505096437,1.1381664633750916
258,14329,13755,4.561230003833771,5.104551693797111,5.0057969212532045,0.32732152938842773,3.03055477142334,1.7207886159420014
259,11366,9496,2.630814903974533,4.031489610671997,2.822260457277298,0.32700440287590027,0.0,0.0
260,14384,3578,0.0009540922954329289,0.23805267438292504,0.007676536368671804,0.3269631564617157,4.994091796875,4.313766193389893
261,6817,2829,1.9768173724412919,3.6408146947622297,2.5821232102811336,0.3269425332546234,6.424688053131104,3.2903928756713867
262,6876,6063,3.710734415054321,5.052848708629608,3.764322280883789,0.32684653997421265,1.4929105997085572,0.036049684882164
263,13824,13166,1.130840028822422,1.9813982367515564,1.489222062844783,0.3265991806983948,6.572692918777466,1.846883773803711
264,5201,4587,1.8362669178866782,2.4783237581141293,1.9398489766055718,0.3265860974788666,3.339487075805664,2.223120340704918
265,10454,5307,2.258022005856037,2.286280783265829,2.1822443872690203,0.32632917165756226,7.35619010925293,2.765696477890015
266,14898,11588,0.17580924246358337,0.5466555648017675,0.1508119203375827,0.3263126313686371,3.955409121513367,1.4077117979526519
267,15634,13110,0.8284136720001698,1.25243139564991,1.2836053427308798,0.3260984420776367,5.953421688079834,4.362484979629516
268,15531,13976,0.4618923794478178,3.1610591314733028,0.7141705945134162,0.3255564570426941,7.368375015258789,3.9447201013565065
269,11435,3901,0.3861808551475406,0.4925972457975149,0.8392904903739691,0.3253704905509949,4.545731782913208,3.6867898225784304
270,14272,1290,0.2890788584947586,0.6289738655090332,0.22526043951511382,0.3250370919704437,0.7904692173004151,0.0
271,15676,6701,1.2139859607443213,1.5884051878005265,1.7407059470191597,0.32446178793907166,4.997504425048828,4.142116546630859
272,7708,3914,0.24212940372526645,1.8333307847380638,0.23078493080101908,0.3244491219520569,4.593841195106506,2.270681381225586
273,10339,1433,1.032053117454052,1.1186275634914638,1.526164600253105,0.3243469297885895,1.5377758026123047,1.3903218120336533
274,11980,1290,1.4680008083581924,1.4473752461373806,1.4995178908109665,0.3240836560726166,3.3804542303085325,2.930975890159607
275,6290,1614,0.3740803536376916,1.7703647073358297,0.5000129902502521,0.3237990140914917,6.592299127578736,3.1709954261779787
276,6475,4164,1.5509399473667145,3.3103367269039152,2.036101719737053,0.3235025703907013,9.595475387573241,5.371775102615357
277,12703,6943,1.1712000012397765,1.2309190154075622,1.0141791947185994,0.3232738673686981,2.5899345755577086,1.6975814580917359
278,14000,4600,2.376954174041748,3.5785995721817017,2.3520621195435525,0.3231496512889862,2.180653429031372,0.0950714647769928
279,11564,7836,0.008660406107082963,1.5002663999795913,0.08210762944072485,0.32292696833610535,5.441141796112061,3.207089424133301
280,7280,1290,0.04546610116958618,0.14106150344014168,0.028397919423878194,0.3228680491447449,0.6200421214103699,0.14678842723369598
281,11540,9274,0.008141868451639311,0.6475226629525423,0.015036875294754282,0.3228573203086853,8.30458459854126,3.6322909116744997
282,13022,6430,1.6580576612614095,2.944903986901045,1.8209185818210245,0.32252243161201477,3.3340248644351957,0.7277608469128609
283,7200,3543,0.33852184638381005,1.8170749574899674,0.435415780544281,0.3224729597568512,4.824737787246704,2.6323357820510864
284,10587,9253,4.443007583916187,5.086794626712799,5.231744575500488,0.3223556876182556,0.0,0.0
285,9428,2471,0.6137366454117,3.166677301004529,0.5441958079114556,0.3221498429775238,4.615694379806518,2.141339635848999
286,1929,401,0.00014607781354243344,1.6389511346817016,0.18942084014415742,0.3221395015716553,10.49332914352417,2.9083073139190674
287,15070,5798,0.002078789677761961,0.7980938248336316,0.005241468350868672,0.32203903794288635,8.265519142150879,2.083579683303833
288,16284,15669,0.5828789129853249,0.7851060494780541,0.5394819602370262,0.3219362199306488,2.891136050224304,4.978282308578491
289,14024,9702,0.3108312872442184,1.9852600494399666,0.36545113061438317,0.3218733072280884,5.243121385574341,2.598135256767273
290,14069,4816,1.8908276095986367,2.7427741825580596,2.0717700496315956,0.32169315218925476,6.691168022155762,2.9384964227676393
291,16245,2651,0.3303929651970975,2.87236692905426,0.4537538504227996,0.3216692805290222,6.586031579971314,1.9641636729240417
292,15683,802,1.7301323022693396,3.567251117527485,1.8154082272201777,0.32166868448257446,6.2380897998809814,0.8726276963949203
293,13760,7805,0.9956635793205351,0.803956756927073,0.8272559650242328,0.32124418020248413,3.4330331325531005,3.2739115715026856
294,12254,11480,0.0023645534020033665,0.6322594657540321,0.004455903309280984,0.3210464417934418,7.64051399230957,2.8919787406921387
295,14450,576,0.3783593188971281,1.813404741883278,0.3753493741154671,0.3209632635116577,0.13718620985746383,0.0
296,3114,1732,0.5230146709829568,1.359850687533617,0.5293118180707097,0.3209282457828522,4.679980516433716,2.464124345779419
297,4882,2742,0.46332965665496884,0.6243634775280953,1.013085274398327,0.32092374563217163,5.642494344711304,3.645691180229187
298,13790,2423,1.0409293368458747,6.779286050796509,1.2558463364839554,0.32076355814933777,7.7119025707244875,2.3872804403305055
299,8146,7643,0.9398715801537036,2.17647949308157,0.834965737350285,0.32031765580177307,3.0907627820968626,1.4085423052310944
300,11696,3117,3.1004908829927444,3.618829882144928,3.742475414276123,0.3202577233314514,0.02572115957736969,0.11284862756729126
301,16185,4670,0.4371716633439064,1.02039135992527,0.8328486643731594,0.32019492983818054,0.9611965775489807,0.07694351375102997
302,12844,12144,1.232372934790328,1.0876768194022588,1.3794376637786627,0.3195144236087799,3.658693265914917,2.4198285937309265
303,12174,8764,0.4319024529308081,0.8270619288086891,0.5308850601315498,0.3191675841808319,5.152177906036377,2.763754189014435
304,4079,1040,0.8907170051708817,2.8141021568328144,0.7516734905540943,0.31912997364997864,2.7553948879241945,1.561653470993042
305,3591,3149,0.18273305953480304,0.9145355366170407,0.05770009815460071,0.31900593638420105,4.876676559448242,3.12200391292572
306,15150,4327,0.2804623733274639,0.7950950969010592,0.4782568087801337,0.3185898959636688,6.351819086074829,2.5487277626991274
307,6679,2112,1.7683492943644523,3.965280592441559,1.6312755525112153,0.31854361295700073,5.6446891784667965,0.8566679537296296
308,13684,690,0.004043045404432633,0.4395065899938345,0.00214809574681567,0.3184870183467865,7.027832412719727,2.8982133865356445
309,12383,7322,4.924258976988495,4.717588420212269,5.272078882995993,0.31837964057922363,2.6152480840682983,1.030889528989792
310,14393,8409,1.2809929211856796,2.2260281193070113,1.4551785890478641,0.31809791922569275,2.2517252206802367,1.2737893402576446
311,7762,7654,1.0793961953371762,2.8092923909425735,1.4501309957355262,0.31786784529685974,3.320904517173767,1.4962120950222015
312,3956,3061,0.6080392523668706,0.8447671514702961,0.8103323791408912,0.31778255105018616,0.2963145703077316,0.049946153163909913
313,7255,1003,0.5678794384002686,1.1972400579601525,0.671823113784194,0.3176460266113281,0.0,0.0
314,11961,1571,0.9226014679763466,3.837707608193159,1.138885666569695,0.31752270460128784,4.17906768321991,1.4237917304039
315,11056,7888,1.0077731311321259,1.9966807164251805,1.2936990359332412,0.3168788254261017,7.635129833221436,4.771866011619568
316,12774,3232,2.531505726277828,3.4459498912096023,2.6565686881542208,0.316680908203125,3.915281653404236,2.1094703555107115
317,8609,6674,1.4747712850570678,2.1169551610946655,1.2440053343772888,0.3164457678794861,0.0,0.014600408077239991
318,12978,3674,0.8513083416968584,1.3998567521572114,0.8830784924328328,0.3161948025226593,0.0875570684671402,0.0
319,13637,1003,0.5322342311963439,1.848184549808502,0.5903349839150905,0.31616923213005066,0.039881551265716554,0.0
320,12259,5631,3.3097725063562393,4.443211454153061,3.738629239797592,0.31609395146369934,5.062054824829102,1.4860334157943726
321,6376,2425,0.22602181239053606,1.5123589664697648,0.3659763067029417,0.3160895109176636,8.913370752334595,3.446307873725891
322,15652,1014,2.825319343805313,3.096029359102249,3.015372796356678,0.3159556984901428,4.244858384132385,1.2855687618255616
323,7490,4007,0.7555365830659866,1.8219047404825688,1.012556930631399,0.31580859422683716,3.2458831787109377,2.4718804121017457
324,15761,1443,2.3738849431276323,2.7544509395956993,2.9928341671824454,0.3157837390899658,5.5641672849655155,6.049043262004853
325,13828,10112,1.1763739094138146,2.098531627655029,1.1454350784420968,0.31568825244903564,6.082443380355835,1.7940539181232453
326,7965,3901,0.009425051891594195,0.22464760551229118,0.02368048473726958,0.31564128398895264,6.201736068725586,4.31188325881958
327,15185,12128,1.4935502862557768,1.9076079374179244,1.4768307944759727,0.31555798649787903,1.0117501020431519,0.05714333951473236
328,15364,3939,4.931016837060452,5.802927215397358,4.881162837147713,0.315550833940506,0.004116860032081604,0.0
329,15585,3428,0.000163431779583334,4.894179010391236,0.14318595007061957,0.3154352903366089,11.673500728607177,2.1930287361145018
330,11045,3594,2.4615449488162993,2.982461805641651,2.802075779438019,0.3154101073741913,5.780750274658203,3.4805691480636596
331,14815,7658,1.1360541567206384,3.0689877420663834,1.4238454513251781,0.31540122628211975,6.593185710906982,4.034589642286301
332,4229,66,0.7316141590476036,1.7983979169279336,0.9187481248751282,0.315103143453598,4.971853876113892,2.000976264476776
333,11194,8497,0.8000679155811667,1.160990852303803,0.8309105114080012,0.31507188081741333,4.622349596023559,3.214927864074707
334,14446,1430,2.6921639442443848,2.5993943095207213,2.7511388063430786,0.3150668740272522,0.12242062240839005,0.02823093384504318
335,12783,7229,0.8240083608776331,2.0433425984345375,1.2312068535014986,0.3149421513080597,5.390100336074829,2.3936537981033323
336,15501,11699,1.1717640990391374,4.06820051074028,1.4165435176342727,0.3147823214530945,5.633701658248901,2.365411901473999
337,10949,5333,2.0539042592048644,2.7091900438070295,2.429260665178299,0.31454917788505554,3.54785418510437,1.7895527005195617
338,14957,5848,0.8888785414397716,1.7501762986183167,1.2202552571892737,0.31418439745903015,4.8305059432983395,1.9950479030609132
339,15777,12778,0.013149368035374209,0.12200000667944551,0.06139485579915345,0.3141535222530365,4.974397325515747,2.9489927530288695
340,4896,463,1.6835950791835785,2.6807642549276354,1.7843903785571456,0.31409984827041626,3.051239347457886,1.0464333295822144
341,4495,4023,3.0875321686267854,4.651879143714905,3.7354386389255523,0.313865602016449,6.563116455078125,4.158572053909301
342,13894,7893,0.5503432035446167,5.508726012706757,0.5379449624568224,0.31381577253341675,6.212835454940796,2.592985415458679
343,3265,643,0.9444365834468045,0.9053740701638162,0.8765318221441702,0.31376394629478455,4.204752731323242,3.5502663373947145
344,14107,13509,0.09416014296002687,1.1440548688173293,0.2992238339036703,0.3135358691215515,6.237565803527832,3.709232497215271
345,12379,1273,3.3190841913223266,3.410495102405548,3.346362125873566,0.3135231137275696,0.0,0.0
346,11252,8240,1.052103191567585,1.4217075912281871,1.2205319611355663,0.3133591115474701,8.920840835571289,7.051267671585083
347,12400,2107,1.940600262582302,3.1491977155208586,2.0445611417293548,0.3132800757884979,6.958249568939209,1.57630655169487
348,14330,5377,0.00010081923846883001,0.7854868619702756,0.0028639118172577582,0.31321224570274353,6.882191610336304,3.8755361080169677
349,11845,4094,0.013463868747930974,0.06116221961565316,0.0053113909263629465,0.3130442500114441,3.8662059545516967,2.7053685665130613
350,15017,3971,0.9832297988235951,2.1586815387010576,1.079761952534318,0.3129098415374756,6.971605539321899,4.231482028961182
351,11802,9382,0.13313147751614451,0.300089493021369,0.24637065790593624,0.3128894865512848,5.386115598678589,3.19677472114563
352,16289,988,2.541403388977051,3.7657105803489683,3.0988139778375627,0.3125867247581482,5.061407804489136,2.0716985702514648
353,13341,4587,0.0035359237692318855,0.012518581608310342,0.005267826112685725,0.31255441904067993,4.492218542098999,3.080773615837097
354,10925,2229,1.1667162649333478,3.0383757054805756,1.5696429129689933,0.3124731183052063,6.184256935119629,4.1729508399963375
355,8609,1003,1.4747712850570678,2.1169551610946655,1.2440053343772888,0.3123936057090759,0.0,0.0
356,12193,2806,0.9274861443787813,0.7814703341573477,1.159023841843009,0.31207385659217834,1.9324868261814117,1.271675717830658
357,15243,13657,0.7088973999023438,1.470181167125702,0.8583465103060007,0.31171414256095886,3.173489475250244,2.5453484416007996
358,9267,1385,0.048395806737244126,0.32911140769720076,0.058786571584641935,0.31156492233276367,0.6464331686496735,0.6423696935176849
359,7835,6674,1.2359745025634765,1.6513283967971801,1.2793375492095946,0.31149956583976746,0.10354183912277222,0.042515230178833005
360,13974,452,0.021995119017083196,1.0539663694798946,0.04781977338716388,0.31136849522590637,7.759155559539795,6.644572305679321
361,7289,7180,1.4720299899578095,3.0962293818593025,1.829815822839737,0.31132832169532776,3.263501834869385,1.4516746044158935
362,13553,9588,1.1224060155451299,2.3358072735369206,1.6733185648918152,0.3113057613372803,5.516902828216553,2.6487686395645142
363,15314,7906,2.4617111533880234,3.9080009520053864,2.358081554621458,0.3112860321998596,5.805004835128784,2.2344932079315187
364,11743,7664,1.450501875579357,1.636549873650074,1.6176578789949416,0.31108349561691284,4.1524149656295775,3.2366901874542235
365,15745,5959,0.0001368352941426565,12.938752269744873,0.19756521051749587,0.31087663769721985,9.029292726516724,0.6079889178276062
366,15834,12323,2.5560069300234316,3.7312769532203673,3.161329523473978,0.3107471466064453,7.249491834640503,1.6985255479812622
367,7959,2748,0.09862705242121592,0.7019861131440848,0.3317469303263351,0.31069836020469666,7.887404108047486,5.142999911308289
368,15788,1890,0.9095067301765084,1.604275929927826,1.0551234332844615,0.3106713593006134,4.10124659538269,3.186191272735596
369,14549,9828,0.9269963264465332,1.2561081528663636,0.7000845484435558,0.3106648325920105,0.08715600967407226,0.0
370,16307,12273,0.9515039317309857,1.6738432120531797,1.11082669980824,0.31055423617362976,5.1040784358978275,4.271501088142395
371,12249,8025,1.851448304206133,5.863469099998474,1.9436539897695184,0.30986741185188293,7.771230745315552,1.2380986571311952
372,13382,10934,0.903978342852497,5.767271375656128,1.710801063105464,0.3097420930862427,9.633401608467102,0.5908849567174912
373,4377,3878,0.5710129189654254,1.2310994861647486,0.6165442473255098,0.3097209334373474,2.3963929772377015,1.5037357211112976
374,14571,1856,1.0582517325878142,1.4480916619300843,1.5072876900434493,0.30926352739334106,1.258165180683136,0.4881740018725395
375,7458,118,3.0999015271663666,3.624053555727005,3.039565736055374,0.30918654799461365,3.513440889120102,3.0500366389751434
376,5272,863,0.00323186247042031,5.887180185317993,0.014039519324433059,0.309103399515152,7.805637788772583,1.8435065150260925
377,11366,10142,2.630814903974533,4.031489610671997,2.822260457277298,0.3089006841182709,0.0,0.0
378,3836,3117,0.4497959867119789,0.909887182712555,0.8986472934484482,0.3088577687740326,0.0,0.0
379,11163,4350,1.0006079208287701,1.103867292450741,0.9463370845536702,0.30883657932281494,0.038420042395591734,0.027297249436378478
380,9920,4692,0.26619228500057945,1.4088370647281407,0.38365239432896486,0.3087366223335266,5.26813268661499,4.554859519004822
381,12912,9036,0.6111008048057556,0.748680180311203,1.360817588865757,0.30869197845458984,4.956053352355957,1.9170908689498902
382,12788,5138,1.3883815370500088,1.2820106819272041,1.9013391928747296,0.30849477648735046,0.9997001767158509,0.297673761844635
383,9709,6223,3.560575532913208,4.463441523909569,3.432752314209938,0.3083864748477936,0.0,0.0
384,13887,3635,1.1412129273987375,1.9825061397626995,1.3175374057085718,0.30836689472198486,3.123102366924286,2.6913942217826845
385,10702,6704,1.97214787453413,2.273200637102127,2.086976820230484,0.3082558214664459,4.295777416229248,3.4815539121627808
386,9588,3745,2.6863478273153305,4.9400146961212155,3.5279731810092927,0.30817094445228577,9.444963455200195,3.7439737796783445
387,5072,4712,0.000216611420364643,3.4313194155693054,0.027797789021860808,0.30803218483924866,6.737694978713989,2.5285295248031616
388,10589,7697,0.5300762476399541,0.5364722770638763,0.6944065094692633,0.30801019072532654,0.04492759108543396,0.04394419938325882
389,5741,523,0.009567546524340286,0.23086733957752587,0.06123945023864508,0.30793634057044983,9.269357585906983,4.59797158241272
390,13293,10965,0.9469281400422915,1.4504819904221222,1.1879659085549066,0.3078247010707855,0.7071813449263573,0.4935539811849594
391,10984,8714,0.43385403584688903,3.4364206075668333,0.6059998419135809,0.30780354142189026,4.393322205543518,2.623051881790161
392,13548,11762,3.2917797356843947,3.7455493211746216,3.174501359462738,0.3076750338077545,6.182960367202758,6.026757001876831
393,14735,13110,0.0059825745178386566,0.054501266498118636,0.0023938744910992683,0.3076542615890503,0.1817621961236,0.05230493545532226
394,13178,1381,0.422939729061909,2.6758689982350914,0.29935876897070557,0.30765148997306824,7.878543996810913,1.4260176301002503
395,8062,5720,0.8281477387994528,1.359975701570511,0.9332007205113768,0.3075268268585205,0.0,0.23796697556972504
396,7158,7023,2.2580097615951673,3.3714493519160897,2.636157648637891,0.30747491121292114,0.0531383216381073,0.0
397,14839,3299,2.1039661318063736,4.2970041036605835,2.70202015042305,0.30742207169532776,5.040279865264893,2.5823964834213258
398,7800,1441,2.288973936252296,2.2594186551868916,2.530042063491419,0.30737045407295227,5.333887004852295,3.1189078807830812
399,11034,10585,0.0020996694511723037,0.02282037907571066,0.0025712704969919286,0.307216078042984,6.885186624526978,4.694240856170654
400,7756,2620,2.1381805362179875,2.7094045847654344,2.2605176489800214,0.307023823261261,4.141198134422302,2.518921732902527
401,12575,832,1.1167689319700003,2.232150948047638,1.3278071336448192,0.3069422245025635,4.203062796592713,2.415630269050598
402,15305,2457,0.017802724254579516,1.2491381034255027,0.029703702393453567,0.30692675709724426,5.484391975402832,2.7243032455444336
403,4369,1193,0.5392338473349809,1.7650195859372615,0.5060158105567097,0.3066239058971405,1.9124982237815857,0.9383993744850159
404,14597,4031,2.189294295758009,3.6197934240102767,2.4015432078391314,0.3066236972808838,1.7896414399147034,1.4573474943637847
405,13034,12670,1.0233786761760713,2.048322093486786,1.2373946547508239,0.30660176277160645,3.807537841796875,2.4586188912391664
406,10796,9654,0.34046966922469435,1.462733356282115,0.41910596317611637,0.30657491087913513,5.783528518676758,2.912734270095825
407,15615,4647,0.7812526550143957,0.9348075356334448,0.783280346961692,0.3065568804740906,0.7064800679683685,0.41760084629058836
408,6815,6063,3.4677543938159943,4.35503676533699,3.8660558640956877,0.30652517080307007,4.884669613838196,3.100759720802307
409,7760,1785,1.2128444369882345,2.740547592937946,1.1774491665884852,0.30618301033973694,4.564853262901306,1.1818349838256836
410,11354,596,1.886806696653366,2.5513047724962234,1.949928656220436,0.30598580837249756,0.0008884876966476441,0.0
411,9007,3514,0.31258460879325867,0.1833494694903493,0.14587702341377734,0.30598196387290955,4.083092975616455,2.8506443977355955
412,8723,5566,1.015241493890062,2.4814928498119118,1.478204662259668,0.3059704601764679,5.689189481735229,1.3823687970638274
413,9411,2185,1.208440244756639,1.0727315673604607,1.9324315885081886,0.30582568049430847,3.433752918243408,1.9441978096961976
414,13066,4425,0.003365006111562252,0.8356309726834297,0.06315025314688683,0.30578261613845825,5.8291059017181395,1.8698107481002808
415,6584,1495,0.02550426311790943,3.096219372749329,0.03392812134698033,0.30566489696502686,0.1354025810956955,0.0
416,15090,11343,1.1333079874515533,2.887884507328272,1.281744247674942,0.3056541085243225,6.195562744140625,2.757427227497101
417,13629,13110,0.005701034609228372,0.922881505638361,0.005644793517421931,0.3053708076477051,0.06067249923944473,0.01950974017381668
418,14708,7217,1.0742413640022277,2.11338729262352,1.1418759167194366,0.30534714460372925,8.245245552062988,1.7321323812007905
419,14299,10668,2.333218662440777,2.1762066282331944,2.9422968178987503,0.3052884638309479,4.237611603736878,1.790058422088623
420,8614,348,1.668724999204278,1.8617588487453758,1.7533169401809574,0.3051752746105194,0.007320371270179748,0.0
421,16054,7973,1.224072708794847,3.230317183583975,1.2988425401970745,0.3050075173377991,5.498777151107788,3.2898526787757874
422,7650,4330,3.996698033809662,4.046215438842774,4.199853873252868,0.3049725890159607,2.0676408886909483,1.899449920654297
423,15364,15355,4.931016837060452,5.802927215397358,4.882363846898079,0.304909348487854,0.006874999403953553,0.005649352073669433
424,4053,2384,0.7936541900038719,2.538809856772423,1.3166596991941333,0.3048509955406189,4.502072668075561,1.5999200940132141
425,6225,4373,1.550721648335457,2.786402705311775,1.7592669785022736,0.30476444959640503,7.2719762325286865,2.538031077384949
426,12943,9660,2.394109144806862,3.4480783581733703,2.5322733491659166,0.30475765466690063,0.13929555267095567,0.0
427,10983,6545,2.1605215508490803,2.800118412822485,2.6985359087586405,0.3047381639480591,1.9930959701538087,1.4039031863212585
428,15147,2697,0.26980052595026793,0.350355556467548,0.6423591282218695,0.30463650822639465,5.802614402770996,2.324308919906616
429,9447,2414,1.5173203274607658,2.813394379615784,1.8084204737097025,0.30458587408065796,5.817501497268677,2.97589111328125
430,10236,1200,2.9605286598205565,0.215434106066823,0.38062769509851935,0.30455106496810913,10.328600120544433,3.373848867416382
431,5758,3390,0.7607504216022789,1.469753068778664,0.6869689564220607,0.30452466011047363,5.773254323005676,3.9637972354888915
432,12785,8334,0.23326049419119954,1.0860551200807094,0.0770681113936007,0.30451980233192444,9.458527946472168,3.3273887157440187
433,7406,2019,0.834488887921907,1.8826912976801395,0.687169975717552,0.3044198751449585,0.0997009664773941,0.07769958674907684
434,12423,9664,0.4260009940946475,6.081913304328919,0.2968623569235206,0.3043067157268524,11.944338607788087,5.660474824905395
435,7600,6430,1.8357470236718654,1.8594276949763298,2.392252653837204,0.30430495738983154,0.6505091786384583,0.04085519462823868
436,11366,8631,2.630814903974533,4.031489610671997,2.822260457277298,0.30407243967056274,0.0,0.005260893702507019
437,8113,1044,0.05181760863924865,2.0953747633844615,0.11972713001596276,0.3039225935935974,8.191714239120483,5.0535942077636715
438,9040,1003,1.0055084079504013,1.4946524888277053,0.9239703185856343,0.30375269055366516,0.0,0.0
439,6692,3674,0.32690446823835373,0.5748517654836178,0.27225393112748864,0.30365419387817383,1.4156188070774078,0.7995824426412582
440,10378,4537,1.3654323190450668,1.6874355360865594,1.4508620664477347,0.3035523295402527,2.932421898841858,2.273328733444214
441,12084,4771,0.9200776472687722,1.6905018605291844,1.0250703275203705,0.3033888041973114,1.2324763894081117,0.6188053548336029
442,5018,4537,2.3690090492367744,2.8428679704666138,2.6668416760861873,0.3031734228134155,2.2751779794692992,0.9848656132817268
443,15253,14425,0.42644097700249406,0.857988134585321,0.4675749488174915,0.3031516373157501,8.63400936126709,3.1236536622047426
444,10597,7595,1.047922939970158,2.0188977390527727,1.0436405978398398,0.3031286597251892,1.961017107963562,1.2937807381153106
445,15747,3878,0.7538666304200887,0.9949616640806198,1.6583372175693512,0.3030175566673279,3.794918084144592,1.8819857120513916
446,15960,2356,0.281536989659071,0.5288459520787001,0.4719791151583195,0.30270513892173767,4.803464651107788,2.9311946392059327
447,10527,1154,1.8160766959190369,3.304997682571411,1.8421029329299927,0.3026038408279419,5.003477239608765,1.9124114274978639
448,13419,5386,0.11849586372263729,0.9384038380347193,0.14172367732971908,0.30237072706222534,4.05787091255188,2.3106979966163634
449,12733,7697,0.19245300814509392,1.1183425441384316,0.14854358099400997,0.30228063464164734,0.0008341982960700989,0.031754931807518004
450,13534,11955,1.8714758962392808,1.8099228262901306,1.8691007405519486,0.30222955346107483,3.7799217224121096,3.30549213886261
451,14408,5429,0.4052127730101347,0.5127526961266995,0.7777302648872138,0.3020504415035248,3.9227071523666384,2.3197296857833862
452,14489,13837,0.31788259564200416,2.4062056303024293,0.4048639114014804,0.30187657475471497,10.553226089477539,5.307206439971924
453,6493,1003,0.8503423839109019,1.205307731591165,0.9817499878176023,0.30184274911880493,0.0671442836523056,0.0
454,12557,9314,0.30100098908878864,1.28064758554101,0.4426512549514882,0.3018173575401306,3.8609398126602175,1.1574568092823028
455,12034,3713,1.776606211066246,2.5173258747905494,2.181512066721916,0.30174535512924194,10.128709506988525,9.94547472000122
456,15463,15182,1.1573085751384498,1.0631444107741117,1.3548079796135426,0.3016423285007477,0.31998130977153777,0.4409652888774872
457,9228,4203,0.48208979070186614,0.6623026400804519,0.42898092716932296,0.30132004618644714,3.992148447036743,3.1774389684200286
458,8753,1267,1.0466964641585945,1.495090532116592,1.8157315849792213,0.3011647164821625,4.937089347839356,2.7452590703964233
459,12766,6796,1.7797458600252867,3.092540177330375,2.004313944559544,0.30112695693969727,3.6332332849502564,2.9820510745048523
460,7240,2069,0.8005497393198311,3.1332273161038757,1.0526467636227608,0.30102667212486267,5.498145651817322,1.2409009635448456
461,3209,805,0.5221446767449379,1.3327749446034431,1.0066607594490051,0.3010174334049225,3.2772947549819946,1.484781014919281
462,14313,1433,1.7064406958408653,1.9914936944842339,2.3257644630968572,0.30099380016326904,4.6531556129455565,3.6270221710205077
463,14902,7664,3.540884554386139,3.8509025096893312,3.528546321392059,0.30096864700317383,6.8157069206237795,6.244116163253784
464,8804,6156,0.635417427297216,1.0650241662980988,0.7470253719948232,0.30085012316703796,1.1915611714124679,0.8322054803371429
465,13244,61,1.1869184136390687,1.7769769079983235,1.79512115418911,0.3005649447441101,7.050161218643188,5.1903810739517215
466,15330,14383,1.434037870168686,1.7411032676696778,1.345110195875168,0.30054259300231934,5.730763673782349,1.7494114518165589
467,11896,8091,0.9543445052579045,0.9020325832068921,1.0794577345252037,0.30048686265945435,1.366037517786026,1.193021023273468
468,15740,2890,1.29879984408617,1.5013704389333724,1.4444844476878642,0.3004530072212219,3.866854166984558,2.217294192314148
469,13431,4839,0.12403887370601296,0.2987659923732281,0.2240745924413204,0.3003922402858734,10.275740051269532,4.4575618505477905
